:020000040800F2
:1000000028D7002029030008397700086D6200080E
:10001000357700089D12000859C90008000000004B
:10002000000000000000000000000000690200085D
:10003000F71D000800000000C5020008EDA7000839
:100040004303000843030008430300084303000878
:100050004303000843030008F91D00084303000898
:1000600043030008031E00080D1E00084303000898
:100070004303000843030008430300084303000848
:100080004303000843030008430300084303000838
:10009000A11200084303000843030008171E0008CC
:1000A0004303000843030008430300084303000818
:1000B0004303000843030008430300084303000808
:1000C00043030008430300084303000843030008F8
:1000D00043030008C5AF000843030008A1B00008AF
:1000E00043030008430300084303000843030008D8
:1000F000430300084303000843030008D513000826
:1001000043030008430300084303000843030008B7
:1001100043030008430300084303000843030008A7
:100120004303000851140008611400084303000849
:100130004303000843030008430300084303000887
:10014000B112000843030008430300086977000860
:1001500043030008F91C0008091D0008D1B100087C
:100160004303000843030008430300084303000857
:100170004303000843030008430300080000000095
:10018000430300084303000800F002F800F05CF8A5
:100190000AA090E8000C82448344AAF10107DA45E2
:1001A00001D100F051F8AFF2090EBAE80F0013F0D8
:1001B000010F18BFFB1A43F001031847CC6201007E
:1001C000EC6201000A444FF0000C10F8013B13F000
:1001D000070408BF10F8014B1D1108BF10F8015BA0
:1001E000641E05D010F8016B641E01F8016BF9D193
:1001F00013F0080F1EBF10F8014BAD1C0C1B09D1EA
:100200006D1E58BF01F801CBFAD505E014F8016B5B
:1002100001F8016B6D1EF9D59142D6D370470000ED
:100220000023002400250026103A28BF78C1FBD8FF
:10023000520728BF30C148BF0B6070471FB515F08B
:10024000D7FA1FBD10B510BD00F091FA1146FFF7A7
:10025000F5FF11F075FB00F0AFFA03B4FFF7F2FF02
:1002600003BC00F0BFFA00002C4B19680868B0E826
:10027000F04F80F30988BFF36F8F4FF0000080F3D9
:10028000118870470000000008480068006880F38B
:1002900008884FF0000080F3148862B661B6BFF39F
:1002A0004F8FBFF36F8F00DF00BF00BF08ED00E08E
:1002B000DFF80C00016841F470010160704700BF75
:1002C00088ED00E0EFF30980BFF36F8F134B1A68DE
:1002D0001EF0100F08BF20ED108A20E9F04F1060CB
:1002E00009B44FF0500080F31188BFF34F8FBFF374
:1002F0006F8F13F0A5FA4FF0000080F3118809BC4E
:1003000019680868B0E8F04F1EF0100F08BFB0EC95
:10031000108A80F30988BFF36F8F70476C0000204C
:10032000EFF30580704700000948804709480047FF
:10033000FEE7FEE7FEE7FEE7FEE7FEE7FEE7FEE795
:10034000FEE7FEE704480549054A064B70470000F2
:10035000CDA80008890100082897002028D7002090
:1003600028B7002028B700209FED1A1AF5EE000AE2
:1003700040EE010ABDEEE00AF5EEC00A10EE100AEA
:10038000F1EE10FA38BF401E00EE100A1349F7EEE6
:10039000001AB8EEC00A30EEC00ADFED0F0A20EEF8
:1003A000200AFCEEC00A10EE900AC0F3080000EE2E
:1003B000900A01EB8000F8EE600A90ED011A70EEF1
:1003C000600A90ED000A71EEE01A21EE800A00EE5C
:1003D000810A704783F9223E00000044485C01080E
:1003E000DFED190AB5EEC00A60EE200ABDEEE01A94
:1003F00011EE100AF1EE10FA38BF401E00EE100A9E
:100400001349F7EE001AB8EEC00A30EEC00ADFED6D
:100410000F0A60EE200ABCEEE00A10EE100AC0F3EC
:10042000080000EE100A01EB8000B8EE400A90EDE3
:10043000011A70EEC00A90ED000A71EEE01A21EE8A
:10044000800A00EE810A704783F9223E00000044D2
:10045000485C010853EA020C00F069802DE9F04B7A
:100460004FF00006002B1FBFB3FA83F503FA05F423
:1004700024FA05F65E4012BF1643B2FA82F502FA7C
:1004800005F4C5F120051EBF22FA05FC44EA0C0460
:10049000203556EA044C4FEA144418BF641C4FF050
:1004A00000084FF00009904271EB030C39D300298A
:1004B00019BFB1FA81F701FA07F6B0FA80F700FA2E
:1004C00007F6C7F120071EBF20FA07FC46EA0C0614
:1004D0002037B6FBF4FCA7EB0507103F07F01F0B16
:1004E000CBF120060CFA0BFB2CFA06F644BFB34600
:1004F0000026202FA4BF5E464FF0000B5BEA060CDF
:1005000008BF4FF0010B19EB0B09ABFB027C48EB6A
:100510000608C01B06FB02CC0BFB03CC71EB0C01E5
:10052000C1E70B46024641464846BDE8F08B13B58D
:100530004FF000004FF00001AFF30080BDE81C4019
:10054000704710B5431C02E010F8011B71B1810720
:10055000FAD14FF0013202C88C1A8C4314EAC2114E
:10056000F9D0C01A0A0603D0C01E10BDC01A10BDB3
:100570000A0401D0801E10BD0902FCD0401E10BD2F
:10058000032A40F2308010F0030C00F0158011F8BF
:10059000013BBCF1020F624498BF11F801CB00F897
:1005A000013B38BF11F8013BA2F1040298BF00F8EB
:1005B00001CB38BF00F8013B11F0030300F02580A8
:1005C000083AC0F0088051F8043B083A51F804CBCF
:1005D000A0E80810F5E7121D5CBF51F8043B40F895
:1005E000043BAFF30080D20724BF11F8013B11F8A0
:1005F00001CB48BF11F8012B24BF00F8013B00F8E4
:1006000001CB48BF00F8012B704710B5203AC0F06D
:100610000B80B1E81850203AA0E81850B1E8185003
:10062000A0E81850BFF4F5AF5FEA027C24BFB1E840
:100630001850A0E8185044BF18C918C0BDE81040B1
:100640005FEA827C24BF51F8043B40F8043B08BFBA
:100650007047D20728BF31F8023B48BF11F8012B81
:1006600028BF20F8023B48BF00F8012B704702F07A
:10067000FF0343EA032242EA024200F002B84FF0CD
:1006800000020429C0F0128010F0030C00F01B805F
:10069000CCF1040CBCF1020F18BF00F8012BA8BF6D
:1006A00020F8022BA1EB0C0100F00DB85FEAC17C31
:1006B00024BF00F8012B00F8012B48BF00F8012BE4
:1006C00070474FF0000200B5134694469646203915
:1006D00022BFA0E80C50A0E80C50B1F12001BFF4FB
:1006E000F7AF090728BFA0E80C5048BF0CC05DF861
:1006F00004EB890028BF40F8042B08BF704748BFAF
:1007000020F8022B11F0804F18BF00F8012B704722
:1007100070477047704710B500F00CF8006810BDC6
:1007200010B5044600F006F8046010BD004870479C
:10073000C496002000487047C49600201FB584B0BE
:1007400000200A9C06AB04AA02A90094AFF3008023
:1007500018B1DDE9020108B010BD0348204000F0E7
:1007600039F800200146F6E70000207C7047754606
:10077000FFF7DCFFAE4605006946534620F0070050
:10078000854618B020B5FFF7DDFDBDE820404FF0ED
:1007900000064FF000074FF000084FF0000B21F06B
:1007A0000701AC46ACE8C009ACE8C009ACE8C00938
:1007B000ACE8C0098D46704710B50446AFF3008021
:1007C0002046BDE81040FFF748BD002801D000F0EA
:1007D00009B8704710B500F025F8BDE81040FFF7E4
:1007E000F4BF000001491820ABBEFEE7260002005E
:1007F00070B505460C460A2000E06D1C00F068F854
:1008000035B128780028F8D102E0641C00F060F8C7
:1008100014B120780028F8D1BDE870400A2000F01B
:1008200057B8000010B5022803D0410103D50DA12F
:1008300012E0002010BD010101D50FA10CE0C100A4
:1008400001D511A108E0810001D512A104E040000A
:1008500001D513A100E0002115A0FFF7C9FF012079
:1008600010BD0000496E76616C6964204F7065723E
:100870006174696F6E0000004469766964652042A6
:1008800079205A65726F00004F766572666C6F77DB
:1008900000000000556E646572666C6F77000000A2
:1008A000496E657861637420526573756C740000DD
:1008B0005349474650453A2041726974686D6574E2
:1008C000696320657863657074696F6E3A20000013
:1008D00008B569468DF800000320ABBE08BD0000D6
:1008E00055494A6822F440324A604A6843681A43CC
:1008F0004A600268526822F4807203685A60026893
:100900005368026943EA022203685A600268526827
:1009100022F0407203685A600268526883681A4382
:1009200003685A600268926822F4006203689A6061
:1009300002689268C3681A4303689A603F4B826AF0
:100940009A4218D00268926822F0706203689A6036
:1009500002689268836A1A4303689A600268926820
:1009600022F0405203689A6002689268C36A1A4390
:1009700003689A600BE00268926822F07062036874
:100980009A600268926822F0405203689A60026896
:10099000926822F0020203689A6002689368027EFD
:1009A00043EA420203689A602022125CA2B1026804
:1009B000526842F4006203685A600268526822F486
:1009C000604203685A6002685368426A521E43EAF2
:1009D000423203685A6005E00268526822F40062FD
:1009E00003685A600268D26A22F470020368DA620D
:1009F0000268D36A828B521E43EA02520368DA62AB
:100A00000268926822F4007203689A600268936830
:100A100090F8302043EA422203689A6002689268A4
:100A200022F4806203689A6002689368426943EA2C
:100A3000822203689A607047002301400100000F82
:100A400010B52DED028BB0EE408AB0EE480A0BF0E7
:100A5000B9FFBDEC028B10BD10B52DED028BB0EED1
:100A6000408AF0EE608AF0EE680AB0EE480A0CF0B8
:100A70003FF8BDEC028B10BD10B52DED028BB0EE32
:100A8000408AB0EE480AFFF76FFCBDEC028B10BD48
:100A9000F0EE400AF5EEC00AF1EE10FA02DDB0EE1B
:100AA000600A7047B1EE600AFBE7000018B19FEDE5
:100AB000020A80ED000A70470000000018B1B3EE92
:100AC000060A80ED000A704770B52DED0C8B84B0DE
:100AD00006460C4615469FED990AF0EE408A9FEDBA
:100AE000970AB0EE409A9FED950AF0EE40BA9FED5E
:100AF000930AF0EE409A9FED910AB0EE40AA0EB133
:100B000004B11DB904B0BDEC0C8B70BD8C48FFF76F
:100B1000CDFF8C48FFF7D2FF8A48D0ED000A9FED49
:100B20008A1A60EE810AB0EE600A00F02DF9F0EE4C
:100B3000408A28EEA80AF0EE408A8248D0ED000AEA
:100B4000B0EE001A60EE810A9FED7F1A60EE810A16
:100B5000B0EE600A00F018F9B0EE409A29EE090AEA
:100B6000B0EE409ADFED790AB7EE000A00EEA80A6F
:100B7000DFED770A00EEC90ADFED760A20EE200AE3
:100B8000754880ED000A6E4890ED000ADFED730AAB
:100B900080EE201AB7EE000A31EE000A20EE000ABD
:100BA0006D48D0ED000A80EE801A6D4880ED001A85
:100BB00094ED000AB5EEC00AF1EE10FA0DD194EDF5
:100BC000010AB5EEC00AF1EE10FA06D194ED020A60
:100BD000B5EEC00AF1EE10FA46D09FED580AB0EE1D
:100BE000408A0020019002900390D4ED000A60EE4C
:100BF000A00A94ED011AD4ED011A41EE210A94EDF8
:100C0000021AD4ED021A41EE210AB0EE600A00F099
:100C1000A9F8B0EE408A94ED000A20EE080A8DEDA6
:100C2000010A94ED010A20EE080A8DED020A94ED06
:100C3000020A20EE080A8DED030ADDED010AF1EE4D
:100C4000600AB0EE600AFFF7FBFEF0EE409A9DED01
:100C5000031AF0EE410A9DED021AB0EE410AFFF7C9
:100C6000FBFEB0EE40AA07E09FED340AF0EE409A9A
:100C70009FED320AB0EE40AA95ED000AB5EEC00A2B
:100C8000F1EE10FA0DD195ED010AB5EEC00AF1EEC4
:100C900010FA06D195ED020AB5EEC00AF1EE10FA8F
:100CA0003CD0B0EE690A00F06FF8B0EE408AB0EECA
:100CB000690AFFF7E1FEB0EE40DAB0EE4A0A00F052
:100CC00063F8F0EE40AAB0EE4A0AFFF7D5FEB0EEA8
:100CD00040BA28EE2A0AD5ED010A20EE200AD5ED09
:100CE000000A0DEE200A68EE0B0A95ED021A00EEDE
:100CF000810AB0EE40CA95ED010A20EE0B0AD5ED4F
:100D0000020A0AEEE00AF0EE40CAF0EE6C0AB0EE1B
:100D10004C0AFFF7A1FEF0EE40BA03E09FED070A90
:100D2000F0EE40BAB0EE4A1AF0EE690AB0EE6B0A85
:100D300030460CF05FFA00BFE4E60000000000005F
:100D40007C0300208003002035FA8E3CC1BFAD3B00
:100D50009DF8C5362F7C1C4184030020506CC24A8C
:100D60008803002010B52DED028BB0EE408AB0EE66
:100D7000480A0BF0EFFFB7EE001AC1EE000AB0EE22
:100D8000600ABDEC028B10BD10B52DED028BB0EEEC
:100D9000408AB0EE480AFFF723FBBDEC028B10BD82
:100DA0002DE9F0412DED028B9AB00546B0EE408A58
:100DB0000E461746984600201790189019901490E8
:100DC000159016904DB146B13FB1B8F1000F04D067
:100DD000B5EEC08AF1EE10FA05D100201AB0BDECD4
:100DE000028BBDE8F08196ED000A8DED170A96EDB5
:100DF000010A8DED180A96ED020A8DED190A97ED9C
:100E0000000A8DED140A97ED010A8DED150A97ED94
:100E1000020A8DED160A17AA14A928460CF01EF82E
:100E2000402104A8FFF74DFC0020009001900290A3
:100E30000390002417A904A812F09EF900BF30E027
:100E400004A800EB041090ED000AD5ED000A20EE96
:100E5000200A04A800EB0410D0ED010A95ED011A58
:100E600000EE810A04A800EB0410D0ED020A95ED13
:100E7000021A00EE810A04A800EB0410D0ED030A68
:100E800095ED031A00EE810A20EE080AF0EE000A42
:100E900080EE201A684600EB840080ED001A601C8A
:100EA000C4B2042CCCDB002410E005EB840090EDF0
:100EB000000A684600EB8400D0ED000A30EE200AFC
:100EC00005EB840080ED000A601CC4B2042CECDB4E
:100ED000284611F001FC012080E7000010B5012236
:100EE0001021024802F01CFB10BD0000000002406F
:100EF00010B500221021024802F012FB10BD0000C4
:100F0000000002407047000010B50122114602485F
:100F100002F006FB10BD00000004024010B50022E4
:100F20000121024802F0FCFA10BD0000000402405A
:100F300010B543781B021BB20478234300EE103A2D
:100F4000B8EEC01A1C4BD3ED001A21EE211A81ED28
:100F5000001AC3781B021BB28478234300EE103AB8
:100F6000B8EEC01A144BD3ED001A21EE211A81ED10
:100F7000011A43791B021BB20479234300EE103A95
:100F8000B8EEC01A0C4BD3ED001A21EE211A81EDF8
:100F9000021A037A1B04C47943EA042384792343A5
:100FA00000EE903AB8EE601ADFED041A21EE211A35
:100FB00082ED001A10BD00005003002000401C42CA
:100FC000704710B50446204610F01EFD10BD10B548
:100FD000044620460EF05CFA10BD00004278120272
:100FE00012B203781A4300EE102AF8EEC00A144A2F
:100FF00092ED001A60EE810AC1ED000AC278120279
:1010000012B283781A4300EE102AF8EEC00A0C4A96
:1010100092ED001A60EE810AC1ED010A42791202D6
:1010200012B203791A4300EE102AF8EEC00A044AFD
:1010300092ED001A60EE810AC1ED020A70470000CD
:101040005403002010B50024FFF75CFFFFF7B8FF42
:101050000CF020FA10B144F0800402E00CF080F9AA
:1010600004430CF00FFC10B144F0400402E00CF01B
:101070008FFB0443204610BD2DE9FC4105460E467A
:101080001746002000900190FFF732FF922000F0F9
:10109000D1F806226946122000F0ACF8FFF71EFFD7
:1010A0009DF80100000200B29DF8001040EA010422
:1010B00000EE104AB8EEC00A4C48D0ED000A20EE0F
:1010C000200A86ED000A9DF80300000200B29DF898
:1010D000021040EA010400EE104AB8EEC00A43488C
:1010E000D0ED000A20EE200A86ED010A9DF80500E9
:1010F000000200B29DF8041040EA010400EE104A1C
:10110000B8EEC00A3948D0ED000A20EE200A86ED7C
:10111000020AFFF703FF08226946002000F06AF880
:10112000FFF7F2FE9DF800000F2838D19DF803006C
:10113000000200B29DF8021040EA010400EE104ADD
:10114000B8EEC00A2A48D0ED000A20EE200A85ED4C
:10115000000A9DF80500000200B29DF8041040EA64
:10116000010400EE104AB8EEC00A2148D0ED000A92
:1011700020EE200A85ED010A9DF80700000200B26A
:101180009DF8061040EA010400EE104AB8EEC00ACD
:101190001748D0ED000A20EE200A85ED020AFFF77D
:1011A000A7FEA22000F046F802226946222000F0A5
:1011B00021F8FFF793FE9DF80000C0009DF8011094
:1011C00040EA6114B4F5806F02DBA4F5006004B25C
:1011D00000EE104AF8EEC00AB4EE001AB3EE070AA9
:1011E00000EE810A87ED000ABDE8FC815003002073
:1011F0005403002070B506460C46154646F08000A4
:1012000000F018F806E0552000F014F82070641C77
:10121000681EC5B2002DF6D170BD70B504460D46EE
:1012200044F0800000F006F8552000F003F8287024
:1012300070BD000001B582B04FF47A70012301AA9D
:1012400002A90090024804F0EDF89DF804000EBDDC
:10125000A00C002010B502461378DB00547843EA56
:101260006410B0F5806F02DBA0F5006318B200EEE9
:10127000100AF8EEC00AB4EE001AB3EE070A00EE48
:10128000810A81ED000A10BD70B505460C4628465E
:10129000FFF7D0FF2046FFF7CDFF70BD00BFFEE790
:1012A00010B5024801F023FA10BD00001C04002014
:1012B00010B5024801F01BFA10BD000044040020E4
:1012C000F8B507460C4615461E464FF400700D490A
:1012D000086000208860C86008200861380A0A4950
:1012E00008704F70200A8870CC70280A08714D7100
:1012F000300A8871CE716B460A460249034800F0F5
:10130000FAFFF8BD147A0020540100201C040020CC
:10131000F8B507460C4615461E4640F2FF100D492B
:10132000086000208860C86008200861380A0A49FF
:1013300008704F70200A8870CC70280A08714D71AF
:10134000300A8871CE716B460A460249034800F0A4
:10135000D2FFF8BDFC7900204C0100201C040020C5
:10136000F8B506460D46144640F2FF100D490860D8
:1013700000208860C86008200861300A0A490870A7
:101380004E70280A8870CD70200A08714C71200AAE
:101390008871CC716B460A460249044800F0ABFFE5
:1013A000F8BD0000FC7900204C010020440400201E
:1013B00010B540F2DC5006490880098888B2032144
:1013C00011F05AFA4FF4FA7010F01EFB10BD000035
:1013D0003C0300201B48406800F0006080B31A48BE
:1013E000406B00681949884205D94FF000601749E1
:1013F0004C3908601CE01448406B00681149B83152
:10140000884205D94FF000601049503908600FE05C
:101410000D48406B00680B495831884204D94FF0A1
:1014200000600849C86003E04FF00060054988602B
:1014300005480068006840F40070034909680860C6
:101440007047000000600240680B002058640240B2
:1014500010B5024801F064FD10BD000070110020BD
:1014600010B5FE48C06C0068FD49884276D9FC483A
:1014700054380068F949C96C0968FA4A914201D1A7
:10148000202169E0F549C96C0968F54A483A91425A
:1014900001D1202160E0F149C96C0968F14A60324C
:1014A000914201D1202157E0EC49C96C0968EC4A0E
:1014B0001832914201D120214EE0E849C96C0968F7
:1014C000E84A1832914201D1C91445E0E349C96C98
:1014D0000968E34A303A914201D1C9143CE0DF493E
:1014E000C96C0968DF4A7832914201D1C91433E0EE
:1014F000DA49C96C0968DA4A3032914201D1C9141B
:101500002AE0D649C96C0968D64A3032914202D1E4
:101510004FF4001120E0D149C96C0968D04A183A4B
:10152000914202D14FF4001116E0CC49C96C096810
:10153000CC4A9032914202D14FF400110CE0C749DD
:10154000C96C0968C64A4832914203D14FF4001170
:1015500002E003E04FF00061084070E1BF48C06C5A
:101560000068C049A831884276D9BD48583800681B
:10157000BA49C96C0968BB4A914201D1202169E08E
:10158000B649C96C0968B64A483A914201D120214E
:1015900060E0B249C96C0968B24A6032914201D137
:1015A000202157E0AD49C96C0968AD4A1832914213
:1015B00001D120214EE0A949C96C0968A94A183215
:1015C000914201D1C91445E0A449C96C0968A44AF3
:1015D000303A914201D1C9143CE0A049C96C096874
:1015E000A04A7832914201D1C91433E09B49C96CB9
:1015F00009689B4A3032914201D1C9142AE09749C7
:10160000C96C0968974A3032914202D14FF40011F7
:1016100020E09249C96C0968914A183A914202D176
:101620004FF4001116E08D49C96C09688D4A90325B
:10163000914202D14FF400110CE08849C96C09684D
:10164000874A4832914203D14FF4001102E003E08F
:101650004FF000610840F2E08048C06C00688149AA
:101660004831884276D97F48103840687B49C96C38
:1016700009687C4A914201D1202169E07749C96C0F
:101680000968774A483A914201D1202160E07349C4
:10169000C96C0968734A6032914201D1202157E038
:1016A0006E49C96C09686E4A1832914201D12021F5
:1016B0004EE06A49C96C09686A4A1832914201D100
:1016C000C91445E06549C96C0968654A303A9142D8
:1016D00001D1C9143CE06149C96C0968614A78329A
:1016E000914201D1C91433E05C49C96C09685C4A74
:1016F0003032914201D1C9142AE05849C96C0968B5
:10170000584A3032914202D14FF4001120E053493F
:10171000C96C0968524A183A914202D14FF400113B
:1017200016E04E49C96C09684E4A9032914202D186
:101730004FF400110CE04949C96C0968484A483225
:10174000914203D14FF4001102E003E04FF0006139
:10175000084074E04348103800684049C96C096883
:10176000404A914201D1202168E03C49C96C096896
:101770003B4A483A914201D120215FE03749C96C88
:101780000968384A6032914201D1202156E033493C
:10179000C96C0968324A1832914201D120214DE0CA
:1017A0002E49C96C09682F4A1832914201D1C914D7
:1017B00044E02A49C96C0968294A303A914201D16A
:1017C000C9143BE02549C96C0968264A7832914220
:1017D00001D1C91432E02149C96C0968204A30326C
:1017E000914201D1C91429E01C49C96C09681D4AFC
:1017F0003032914202D14FF400111FE01749C96CF9
:101800000968174A183A914202D14FF4001115E0C5
:101810001249C96C0968134A9032914202D14FF4BF
:1018200000110BE00D49C96C09680D4A483291421C
:1018300002D14FF4001101E04FF000610840002890
:101840006FD00648C06C0068054988427BD90348C0
:10185000C06C00680349884208D105E0A00C002054
:101860005864024010600240202068E0FE48C06CCE
:101870000068FE49884201D1202060E0FA48C06C2F
:101880000068FB49884201D1202058E0F648C06C2E
:101890000068F6496031884201D120204FE0F248CB
:1018A000C06C0068F2494839884201D1C01446E052
:1018B000ED48C06C0068ED491831884201D1C01470
:1018C0003DE0E948C06C0068E9491831884201D11F
:1018D000C01434E0E448C06C0068E44978318842C0
:1018E00001D1C0142BE0E048C06C0068E0493039F9
:1018F000884202D14FF4001021E0DB48C06C006840
:10190000DA493031884202D14FF4001017E0D6484E
:10191000C06C0068D6493031884204D14FF40010C1
:101920000DE0DFE10FE0D048C06C0068CF49903196
:10193000884202D14FF4001001E04FF00060CB4923
:10194000091F08606AE1C848C06C0068C84948318E
:10195000884274D9C448C06C0068C549603988425F
:1019600001D1202066E0C048C06C0068BF498842B1
:1019700001D120205EE0BC48C06C0068BC498842B0
:1019800001D1202056E0B848C06C0068B7496031EA
:10199000884201D120204DE0B348C06C0068B449B2
:1019A0004839884201D1C01444E0AF48C06C006897
:1019B000AE491831884201D1C0143BE0AA48C06C3E
:1019C0000068AB491831884201D1C01432E0A64802
:1019D000C06C0068A5497831884201D1C01429E063
:1019E000A148C06C0068A2493039884202D14FF446
:1019F00000101FE09C48C06C00689C493031884250
:101A000002D14FF4001015E09748C06C0068984967
:101A10003031884202D14FF400100BE09248C06C84
:101A2000006892499031884202D14FF4001001E0E1
:101A30004FF000608D4908390860EFE0FFE78A4801
:101A4000C06C00688A491839884274D98648C06CCD
:101A5000006887496039884201D1202066E08248C9
:101A6000C06C00688149884201D120205EE07E4838
:101A7000C06C00687E49884201D1202056E07A4837
:101A8000C06C006879496031884201D120204DE066
:101A90007548C06C006876494839884201D1C01445
:101AA00044E07148C06C006870491831884201D127
:101AB000C0143BE06C48C06C00686D491831884226
:101AC00001D1C01432E06848C06C006867497831C1
:101AD000884201D1C01429E06348C06C00686449A1
:101AE0003039884202D14FF400101FE05E48C06CCC
:101AF00000685E493031884202D14FF4001015E091
:101B00005948C06C00685A493031884202D14FF4BC
:101B100000100BE05448C06C006854499031884272
:101B200002D14FF4001001E04FF0006050497039CD
:101B3000C86073E0FFE74C48C06C00684C496039EE
:101B4000884201D1202066E04748C06C00684749C0
:101B5000884201D120205EE04348C06C00684449BF
:101B6000884201D1202056E03F48C06C00683F49C0
:101B70006031884201D120204DE03B48C06C0068B4
:101B80003B494839884201D1C01444E03648C06C12
:101B9000006836491831884201D1C0143BE0324810
:101BA000C06C006832491831884201D1C01432E05B
:101BB0002D48C06C00682D497831884201D1C0148D
:101BC00029E02948C06C006829493039884202D18F
:101BD0004FF400101FE02448C06C006823493031E6
:101BE000884202D14FF4001015E01F48C06C006815
:101BF0001F493031884202D14FF400100BE01A48DF
:101C0000C06C006819499031884202D14FF400102D
:101C100001E04FF00060164970398860154800787F
:101C200000F0020078B11348007820F0020011495A
:101C300008700846007840F0040008700122114640
:101C40000D4801F06DFC0D48007800F00200E0B195
:101C50000A48007820F00200084908700846007819
:101C600040F0040008700BE0A00C0020106402405B
:101C7000706002406D020020000402406E020020ED
:101C800001221021184801F04BFC1848007800F0A0
:101C9000020078B11548007820F00200134908705E
:101CA0000846007840F004000870012210210E4818
:101CB00001F036FC0FF066FB0D48007800F00400E0
:101CC00080B10B48007820F00400094908700846EC
:101CD000007840F0080008700648006840F00100F5
:101CE0000449086010BD0000000002406F0200209F
:101CF0006D020020103C014010B5024801F010F9BF
:101D000010BD0000D011002010B5024801F008F904
:101D100010BD00005010002001460878103818232C
:101D2000B0FBF3F20848805CC865032A05D908684F
:101D30006FF30900001D886503E008686FF3090070
:101D40008865886D70470000345B010801460020FB
:101D50008A6A8B69CBB932B1012A0DD0022A03D02D
:101D6000032A10D10EE000BFCB6A03F08073B3F1F9
:101D7000807F00D1012007E0CB6AB3F1C07F00D1A2
:101D8000012001E000E000BF34E08B69B3F5005FA3
:101D90001AD132B1012A07D0022A03D0032A11D165
:101DA0000AE000BF01200EE0CB6A03F08073B3F1BC
:101DB000807F00D1012006E0CB6AB3F1C07F00D163
:101DC000012000E000BF15E032B1012A05D0022A4F
:101DD00004D0032A0CD103E000BF00BF012008E0BB
:101DE000CB6A03F08073B3F1807F00D1012000E063
:101DF00000BF00BF7047704710B5012001F082FAA4
:101E000010BD10B5082001F07DFA10BD10B51020EE
:101E100001F078FA10BD10B5202001F073FA10BD62
:101E20007047000038B502460020009000BF92F8CD
:101E30003C00012801D1022038BD012082F83C007D
:101E400000BF0868092816D91068C0680C780A3CD9
:101E500004EB44050724AC40A0431468E0600C7810
:101E60000A3C04EB44048868A0401468E4682043FA
:101E70001468E06013E0106800690C7804EB440516
:101E80000724AC40A043146820610C7804EB4404A0
:101E90008868A04014682469204314682061486859
:101EA000072817D21068406B0C79641E04EB840578
:101EB0001F24AC40A04314686063088880B20C798A
:101EC000641E04EB8404A0401468646B204314680F
:101ED000606331E048680D2817D21068006B0C79F8
:101EE000E41F04EB84051F24AC40A0431468206366
:101EF000088880B20C79E41F04EB8404A0401468C5
:101F0000246B20431468206316E01068C06A0C79C3
:101F10000D3C04EB84051F24AC40A0431468E06230
:101F2000088880B20C790D3C04EB8404A04014684E
:101F3000E46A20431468E062194B1A4C1068A0420E
:101F400006D10868122803D1586840F48000586010
:101F5000144C1068A0421CD10868102802D00868F0
:101F6000112816D1586840F40000586008681028FD
:101F70000FD10D4800680D4CB0FBF4F000EB800071
:101F80004000009002E00098401E00900098002859
:101F9000F9D100BF002082F83C0000BF00BF4BE732
:101FA00000230140002001406800002040420F0053
:101FB00001460868C06C704770B5044600250CB92E
:101FC000012070BD1549A06A884200D000BF206C76
:101FD00030B9204600F024F80020606484F83C000A
:101FE000206C00F0100088B9206C20F4885040F07C
:101FF000020020642046FEF773FC00206064206C21
:1020000020F0020040F00100206400E0012500BF44
:10201000002084F83C0000BF2846D2E70100000FF2
:1020200010B586B00446142101A8FEF74AFB2349E7
:10203000206888420FD100BF00200090204800682F
:1020400040F480701E4908600846006800F4807003
:10205000009000BF2FE01B49206888422BD100BFB1
:10206000002000901648006840F480601449086021
:102070000846006800F48060009000BF00BF00BF09
:10208000002000900E481438006840F020000C49F1
:10209000143908600846006800F02000009000BF76
:1020A00000BF08150190032002900020039001A9B1
:1020B000054801F035F906B010BD000000200140D0
:1020C00044380240002201400014024070B504462A
:1020D0000D4600262068806800F48060B0F5806FAF
:1020E00011D12068806800F48070B0F5807F0AD13B
:1020F000206C40F02000206400BF002084F83C00E9
:1021000000BF012070BD01F011FA064612E0681C04
:1021100080B125B101F00AFA801BA8420AD9206CCF
:1021200040F00400206400BF002084F83C0000BFA1
:102130000320E7E72068006800F002000228E6D1EB
:102140006FF0120021680860206C40F40070206479
:102150002068806800F04050B8B9207EA8B9206897
:10216000C06A00F4700020B12068806800F48060CC
:1021700058B9206C20F480702064206C00F48050EA
:1021800018B9206C40F0010020640020BAE700007C
:1021900008B501460020009000BF91F83C000128DE
:1021A00001D1022008BD012081F83C0000BF086871
:1021B000806800F00100A0B90868806840F0010064
:1021C0000B6898603B4800683B4BB0FBF3F000EBBA
:1021D0004000009002E00098401E00900098002807
:1021E000F9D10868806800F0010000285FD0086C11
:1021F00040F20163984340F48070086408684068C6
:1022000000F4806028B1086C20F4005040F4805045
:102210000864086C00F48050B0F5805F04D1486C0D
:1022200020F00600486401E00020486400BF002060
:1022300081F83C0000BF214A6FF022000B68186053
:10224000506800F01F0018BB1D4B0868984213D05F
:102250001C4B0868984204D1101D006800F01F0054
:1022600050B1194B0868984221D11448001D0068EC
:1022700000F01F0010281AD20868806800F0405053
:1022800028B90868806840F080400B6898600EE0CC
:102290000B4B086898420AD10868806800F04050EB
:1022A00028B90868806840F080400B68986000207A
:1022B00078E700006800002040420F000023014042
:1022C00000200140002101400022014010B50246DB
:1022D00092F82030012B01D0022B06D11068406902
:1022E000084314686061002010BD506A40F48020EB
:1022F00050620120F8E7F0B504460D461E4694F8FA
:10230000207020688368A86800B900E000BF012F32
:1023100001D0022F7CD103F0806030B903F000605F
:1023200018B903F08050002873D0C3F3016102296B
:1023300005D9606A40F4000060620120F0BD012010
:1023400088403060A86860B9B5F800C0E86840EA25
:102350004C5C206800F5C07000EB0110C0F800C0B4
:102360000FE0D5E901C040EACC00D5F80CC040EA46
:102370000C00D4F800C00CF5C07C0CEB011CCCF8B0
:102380000000D5F810C0206800F5C07000EB011007
:10239000C0F804C0287D01280ED1206800F5C07067
:1023A00000EB0110406840F4807C206800F5C070AC
:1023B00000EB0110C0F804C0D079000692F806C006
:1023C00040EA0C4092F805C040EA0C2C10794CEA27
:1023D000000C206800F5C07000EB0110C0F80CC0C4
:1023E000D078000692F802C040EA0C4092F801C092
:1023F00040EA0C2092F800C040EA0C00D4F800C07B
:102400000CF5C07C0CEB011CCCF80800206801E046
:1024100016E00FE000F5C07000EB0110006840F01E
:10242000010C206800F5C07000EB0110C0F800C07E
:10243000002083E7606A40F40010606201207DE7BD
:10244000606A40F480206062012077E7F0B50446BE
:102450000A46216894F82050012D01D0022D7ED12A
:10246000424901F50071086840F001000860086801
:1024700020F47C5008600868566A40EA062008602C
:10248000107D00F01F06012000FA06F3C86998438A
:10249000C861A1F50071D069C8B9D1F80C029843A0
:1024A000C1F80C02908880B2968940EA064601F590
:1024B0001070576940F83760108880B2168940EA7A
:1024C000064601F51070576900EBC7004660D069F9
:1024D000012819D1D1F80C021843C1F80C029088D8
:1024E00080B2168840EA064601F51070576940F838
:1024F0003760908980B2168940EA064601F510706F
:10250000576900EBC7004660906928B9D1F804020A
:102510009843C1F8040204E0D1F804021843C1F85A
:102520000402106928B9D1F814029843C1F81402C2
:1025300004E0D1F814021843C1F81402106A01280B
:1025400004D1D1F81C021843C1F81C02D1F80002D2
:1025500020F00100C1F800020020F0BDFFE7606A32
:1025600040F4802060620120F7E700000064004032
:10257000704770B5044694F82050012D01D0022D0B
:102580007CD151B92068C06800F0030080B9606A4E
:1025900040F400106062012070BD2068006900F006
:1025A000030028B9606A40F4001060620120F3E77C
:1025B000206800F5D87000EB0110006800F00400FE
:1025C0009060906840B9206800F5D87000EB011069
:1025D0000068400D106007E0206800F5D87000EB3F
:1025E00001100068C0085060206800F5D87000EB4A
:1025F0000110006800F002004008D060206800F57B
:10260000D87000EB0110406800F00F0010612068E6
:1026100000F5D87000EB0110406800F47F40000A1C
:102620009061206800F5D87000EB01104068000C44
:102630005061206800F5D87000EB011080681870B8
:10264000206800F5D87000EB0110806800F47F402E
:10265000000A5870206800F5D87000EB01108068FF
:1026600000F47F00000C9870206800F5D87000EB33
:1026700001108068000ED870206800E031E000F59D
:10268000D87000EB0110C0681871206800F5D87090
:1026900000EB0110C06800F47F40000A5871206808
:1026A00000F5D87000EB0110C06800F47F00000C4A
:1026B0009871206800F5D87000EB0110C068000E1A
:1026C000D87131B92068C06840F020002668F060F9
:1026D00005E02068006940F0200026683061002095
:1026E0005AE7606A40F480206062012054E72DE9D7
:1026F000F05F04460025206846692068D0F8049001
:10270000206887682068D0F80CA02068D0F810B046
:102710002068D0F8188006F00100002855D007F096
:102720000100C0B101202168886007F0020018B1E3
:10273000204600F0C2FB0EE007F0040010B145F4A3
:10274000006508E007F0080010B145F4805502E08C
:10275000204600F0B1FB07F48070C8B14FF48070E0
:102760002168886007F4007018B1204600F0A7FBCC
:102770000EE007F4806010B145F4005508E007F45E
:10278000006010B145F4804502E0204600F096FB61
:1027900007F48030C8B14FF480302168886007F4B6
:1027A000003018B1204600F08CFB0EE007F48020CA
:1027B00010B145F4004508E007F4002010B145F4DD
:1027C000803502E0204600F07BFB06F0080038B1BF
:1027D0000AF0100020B145F4007510202168C8608F
:1027E00006F0040040B10AF0080028B10820216872
:1027F000C860204600F00CFA06F0020038B12068EC
:10280000C06800F0030010B1204600F003FA06F0A3
:10281000400038B10BF0100020B145F48065102065
:102820002168086106F0200040B10BF0080028B1D3
:10283000082021680861204600F00CFB06F010001B
:1028400038B12068006900F0030010B1204600F0A4
:1028500002FB06F4003040B109F0100028B110204E
:1028600021684860204600F0F7FA06F4803040B155
:1028700009F0080028B1082021684860204600F0CF
:1028800021FB06F4004088B309F0040078B306F495
:10289000807020B108F0010008B145F0010506F490
:1028A000007020B108F0020008B145F0020506F4FE
:1028B000806020B108F0040008B145F0040506F47A
:1028C0000060A0B108F0700088B108F070004028E6
:1028D00017D006DC10280BD020280CD0302819D1B6
:1028E0000CE0502810D0602814D110E01DE019E051
:1028F00045F008050FE045F010050CE045F0200517
:1029000009E045F0400506E045F0800503E045F4A8
:10291000807500E000BF00BF2068806920F0700073
:10292000216888610420216848602DB1606A2843CD
:1029300060622046FFF71CFEBDE8F09F70B50446BC
:102940000CB9012070BD94F8200010B9204600F0A9
:10295000AFF82068006820F002002168086000F0ED
:10296000E5FD05460DE000F0E1FD401B0A2808D911
:10297000606A40F400306062052084F82000012085
:10298000E0E72068406800F002000028EBD12068F2
:10299000006840F001002168086000F0C7FD0546AE
:1029A0000DE000F0C3FD401B0A2808D9606A40F41E
:1029B00000306062052084F820000120C2E7206812
:1029C000406800F001000028EBD0207E012806D1ED
:1029D0002068006840F080002168086005E02068F9
:1029E000006820F0800021680860607E012806D120
:1029F0002068006840F040002168086005E0206819
:102A0000006820F0400021680860A07E012806D1FF
:102A10002068006840F020002168086005E0206818
:102A2000006820F0200021680860E07E012806D1BF
:102A30002068006820F010002168086005E0206828
:102A4000006840F0100021680860207F012806D14E
:102A50002068006840F008002168086005E02068F0
:102A6000006820F0080021680860607F012806D116
:102A70002068006840F004002168086005E02068D4
:102A8000006820F0040021680860D4E902010843CE
:102A900021690843616908436168491E0843216848
:102AA000C86100206062012084F82000002049E70E
:102AB00010B586B00446142101A8FDF702FE4E4968
:102AC0002068884241D14D480068401C4B4908604D
:102AD0000846006801280FD100BF00200090484838
:102AE000006840F00070464908600846006800F041
:102AF0000070009000BF00BF00BF00200090404861
:102B00001038006840F008003D4910390860084658
:102B1000006800F00800009000BF00BF0320019093
:102B200002200290002003900320049009200590C9
:102B300001A9344800F0F4FB00220621142001F022
:102B400091F9142001F07EF954E02F492068884261
:102B500050D100BF002000902948006840F08060FC
:102B6000274908600846006800F08060009000BFB8
:102B700000BF22480068401C2049086008460068E1
:102B800001280FD100BF002000901D48006840F0D0
:102B900000701B4908600846006800F00070009053
:102BA00000BF00BF00BF002000901548103800682B
:102BB00040F002001249103908600846006800F031
:102BC0000200009000BF00BF602001900220029030
:102BD00000200390032004900920059001A90B48D0
:102BE00000F09EFB00220621402001F03BF940202E
:102BF00001F028F906B010BD00640040000000207C
:102C000040380240000C02400068004000040240CE
:102C10007047000010B58AB0044601AB03AA00213A
:102C20002046FFF7A6FC8749206888425ED10398BA
:102C3000A0F20120072857D2DFE800F004050607BC
:102C400008090A0000BF00BF00BF00BF00BF00BFEF
:102C50000398401E7C4908700846007800EB80000D
:102C60007A4931F8100000B27749097801EB810107
:102C7000764A02EB410108819DF805009DF8041099
:102C800040EA01207049097801EB810122F8110026
:102C90009DF807009DF8061040EA012000B26A493D
:102CA000097801EB810102EB410148809DF80900A0
:102CB0009DF8081040EA012000B26349097801EB51
:102CC000810102EB410188809DF80A005E49097884
:102CD00001EB810102EB410188715B490978491CD4
:102CE000C8B20CF021FC00E000BFA8E00398CD289A
:102CF00002D0CE287DD100E000BF0398401E544989
:102D000008700846007802284DDA08460078C01D91
:102D100000EB80004D4931F8100001B24C480078BA
:102D2000C01D00EB8000494A02EB400001819DF884
:102D300005009DF8041040EA012145480078C01DB7
:102D400000EB800022F810109DF807009DF8061097
:102D500040EA012001B23E480078C01D00EB80002F
:102D600002EB400041809DF809009DF8081040EA00
:102D7000012001B236480078C01D00EB800002EB54
:102D8000400081809DF80A1031480078C01D00EB9A
:102D9000800002EB400081712D490978491CC8B2BE
:102DA0000CF0C2FB48E02A48007800EB800027497D
:102DB00031F8100000B22649097801EB8101234A5D
:102DC00002EB410108819DF805009DF8041040EADE
:102DD00001201F49097801EB810122F811009DF8BB
:102DE00007009DF8061040EA012000B21849097852
:102DF00000E022E001EB810102EB410148809DF8F7
:102E000009009DF8081040EA012000B21049097835
:102E100001EB810102EB410188809DF80A000C4919
:102E2000097801EB810102EB4101887108490978B9
:102E3000491CC8B20CF078FB00E000BF00BF0AB02C
:102E400010BD0000006400405C010020A07900205B
:102E50005D01002070477047704770B5044694F8D4
:102E60002000012822D1022084F820002068006878
:102E700020F001002168086000F058FB05460DE0D5
:102E800000F054FB401B0A2808D9606A40F4003067
:102E90006062052084F82000012070BD2068406831
:102EA00000F001000028EBD16062F6E7606A40F4B0
:102EB000002060620120F0E770477047704770475C
:102EC00070477047704710B504460CB9012010BD1B
:102ED000607920B900202071204600F007F8022018
:102EE0006071012060710020F1E7000008B50A4A16
:102EF000016891420FD100BF002100910749096884
:102F000041F48051054A11601146096801F480516D
:102F1000009100BF00BF08BD0030024030380240C1
:102F2000F8B50446002000908C4800684FF4165114
:102F3000B0FBF1F7A56D2E6894F85C10082088406E
:102F4000304098B12068006800F0040070B120683B
:102F5000006820F004002168086094F85C100820E4
:102F60008840A860606D40F00100606594F85C10D6
:102F700001208840304068B12068406900F080003E
:102F800040B194F85C1001208840A860606D40F06A
:102F90000200606594F85C1004208840304068B1FD
:102FA0002068006800F0020040B194F85C10042032
:102FB0008840A860606D40F00400606594F85C1083
:102FC00010208840304078B32068006800F0080086
:102FD00050B394F85C1010208840A8602068006806
:102FE00000F4802080B12068006800F4002028B937
:102FF000206CC8B12046216C884715E0A06C98B1C0
:103000002046A16C88470FE02068006800F48070BB
:1030100028B92068006820F0080021680860206C4A
:1030200010B12046216C884794F85C10202088401D
:103030003040002865D02068006800F010000028AB
:103040005FD094F85C1020208840A86094F8350088
:10305000052828D12068006820F016002168086043
:103060002068406920F0800021684861206C08B920
:10307000A06C28B12068006820F008002168086072
:1030800094F85C103F208840A86000BF002084F8BE
:10309000340000BF012084F83500206D10B12046B7
:1030A000216D8847F8BD2068006800F4802080B159
:1030B0002068006800F4002028B9606C10B1204638
:1030C000616C88471DE0E06BD8B12046E16B884712
:1030D00017E02068006800F4807068B92068006814
:1030E00020F010002168086000BF002084F8340040
:1030F00000BF012084F83500E06B10B12046E16B81
:103100008847606D38B3606D00F00100F0B10520B4
:1031100084F835002068006820F00100216808600C
:1031200000BF0098401C0090B84200D905E020681C
:10313000006800F001000028F3D100BF00BF0020AC
:1031400084F8340000BF012084F83500E06C10B131
:103150002046E16C884700BFA4E70000680000201B
:103160002DE9F0410446002500F0E0F9074614B9C6
:103170000120BDE8F081606A00B100BF00BF0020FF
:1031800084F8340000BF022084F83500206800680D
:1031900020F00100216808600AE000F0C7F9C01BB8
:1031A000052805D920206065032084F83500E0E774
:1031B0002068006800F001000028EED12068056852
:1031C00021480540D4E901010843E1680843216929
:1031D000084361690843A1690843E1690843216A1A
:1031E00008430543606A042803D1D4E90B0108436E
:1031F0000543206805602068456925F00705606A79
:103200000543606A04280DD1A06A0543E06A48B10D
:103210002046FEF79BFD28B140206065012084F820
:103220003500A6E7206845612046FEF775FD064695
:1032300094F85C103F208840B06000206065012059
:1032400084F83500002094E73F8010F010B5044664
:10325000102C14D109200CF067F92248007840F0B6
:103260000100204908702048007840F001001E4904
:1032700008701E480078A0B30EF084F831E0202CCE
:103280000ED108200CF050F91948007840F00100E8
:10329000174908701548007818B30EF073F820E04D
:1032A000082C09D10A200CF03FF91248007840F0B0
:1032B00001001049087014E0012C12D110F0C8FF71
:1032C00001280ED00C490D48006810F0A1F90A48F9
:1032D000006830B120070A490860BFF34F8FBFF381
:1032E0006F8F10BD6E0200206F020020710200205F
:1032F0006D02002070020020E4020020480200203D
:1033000004ED00E010B5044604480068204020B1F8
:10331000024804602046FFF799FF10BD143C0140AD
:10332000F8B502460B460025002400200021DCE011
:10333000012606FA01F51E6806EA0504AC4273D1BF
:103340005E68022E02D05E68122E13D1CF0802F101
:10335000200656F827004E07F70E0F26BE40B04352
:103360004F07FF0E1E69BE403043CF0802F1200612
:1033700046F8270010684F000326BE40B0431E7970
:1033800006F003064F00BE40304310605E68012E19
:1033900008D05E68022E05D05E68112E02D05E68ED
:1033A000122E13D190684F000326BE40B0434F0049
:1033B000DE68BE4030439060506801268E40B043C6
:1033C0001E79C6F300168E4030435060D0684F001F
:1033D0000326BE40B0434F009E68BE403043D060DD
:1033E0005E6806F08056B6F1805F7DD100BF002692
:1033F0000096404E366846F480463E4F3E603E465C
:10340000366806F48046009600BF00BF3A4E8F082B
:1034100056F827008E07370F0F26BE40B043374EB1
:10342000B24202D1002624E05EE0354EB24201D124
:1034300001261EE0334EB24201D1022619E0324E7F
:10344000B24201D1032614E0304EB24201D104262B
:103450000FE02F4EB24201D105260AE02D4EB242B6
:1034600001D1062605E02C4EB24201D1072600E02C
:1034700008268F073F0FBE4030431F4E8F0846F887
:103480002700264E3068A0435E6806F48036B6F505
:10349000803F00D12043214E3060361D3068A0436C
:1034A0005E6806F40036B6F5003F00D120431B4E9F
:1034B000361D3060361D3068A0435E6806F4801605
:1034C000B6F5801F00D12043144E08363060361DFB
:1034D0003068A0435E6806F40016B6F5001F00D100
:1034E00020430E4E0C363060491C1029FFF420AFEB
:1034F000F8BD000044380240083801400000024096
:103500000004024000080240000C0240001002408B
:103510000014024000180240001C0240003C014020
:103520000AB1816101E00B048361704701480068C2
:10353000704700005C00002070B504460CB9012003
:1035400070BD94F83D0028B9002084F83C00204666
:1035500000F0FAFA242084F83D002068006820F08A
:1035600001002168086001F0CBFA05465C496068FB
:10357000884206D85B48854201D2012007E000203E
:1035800005E05948854201D2012000E000200128D1
:1035900000D1D5E75548B5FBF0F62068406820F02B
:1035A0003F003043216848604D496068884201D837
:1035B000701C07E04FF4967070434FF47A71B0FBC3
:1035C000F1F0401C2168096A21F03F01084321689D
:1035D000086243496068884214D8681E61684900DF
:1035E000B0FBF1F0401CC0F30B00042801D2042012
:1035F0003DE0681E61684900B0FBF1F0401CC0F37B
:103600000B0034E0A06838B9681E616801EB410125
:10361000B0FBF1F0401C0AE0681E616801EBC102DA
:1036200002EB0111B0FBF1F0401C40F48040C0F30C
:103630000B0008B901201AE0A06848B9681E61684B
:1036400001EB4101B0FBF1F0401CC0F30B000CE0BA
:10365000681E616801EBC10202EB0111B0FBF1F0E1
:10366000401CC0F30B0040F4804040F4004021684F
:10367000C9694CF6FF72914308432168C861D4E9D7
:10368000070108432168096821F0C0010843216847
:103690000860D4E9031008432168896848F2FF32C2
:1036A0009143084321688860D4E9050108432168F3
:1036B000C96821F0FF0108432168C86020680068DC
:1036C00040F001002168086000202064202084F878
:1036D0003D000020206384F83E0000BF30E700007A
:1036E000A086010080841E0000093D0040420F00BA
:1036F0002DE9FC5F04460F4690469946DDE90CAB88
:103700000E9EFFF713FF054694F83D00202870D168
:1037100019230122B0492046009502F0F9FE10B1AC
:103720000220BDE8FC9F00BF94F83C00012801D1B5
:103730000220F6E7012084F83C0000BF2068006802
:1037400000F0010028B92068006840F001002168FD
:1037500008602068006820F400602168086022206A
:1037600084F83D00402084F83E0000202064C4F826
:1037700024A0A4F82AB0608D20859848E0624B46CA
:10378000424639462046CDE9006502F091FD08B178
:103790000120C6E7208D88B900BF00200190206875
:1037A0004069019020688069019000BF00BF2068D7
:1037B000006840F400702168086040E0208D012816
:1037C00018D12068006820F480602168086000BF7C
:1037D0000020019020684069019020688069019074
:1037E00000BF00BF2068006840F4007021680860D6
:1037F00025E0EFE0208D022816D12068006820F433
:103800008060216808602068006840F400602168DA
:10381000086000BF00200190206840690190206886
:103820008069019000BF0AE000BF0020019020687D
:103830004069019020688069019000BF00BFBAE034
:10384000208D03287ED8208D012815D12A463146A7
:10385000204602F002FF08B1012062E720680069FB
:10386000616A0870606A401C6062208D401E20857D
:10387000608D401E60859EE0208D02282AD133464F
:10388000002257492046009502F042FE08B101206F
:1038900047E72068006840F40070216808602068ED
:1038A0000069616A0870606A401C6062208D401E79
:1038B0002085608D401E608520680069616A0870FF
:1038C000606A401C6062208D401E2085608D401E15
:1038D000608570E03346002241492046009502F0A1
:1038E00017FE08B101201CE72068006820F4806002
:1038F0002168086020680069616A0870606A401C7D
:103900006062208D401E2085608D401E608533469C
:10391000002233492046009502F0FAFD08B101204B
:10392000FFE62068006840F40070216808602068A5
:103930000069616A0870606A401C6062208D401EE8
:10394000208500E010E0608D401E608520680069E1
:10395000616A0870606A401C6062208D401E20858C
:10396000608D401E608526E02A463146204602F0E2
:1039700074FE08B10120D4E620680069616A08700D
:10398000606A401C6062208D401E2085608D401E54
:10399000608520684069C0F3800060B120680069DC
:1039A000616A0870606A401C6062208D401E20853C
:1039B000608D401E6085208D00287FF441AF20205F
:1039C00084F83D00002084F83E0000BF84F83C00ED
:1039D00000BFA6E60220A4E6020010000000FFFFE0
:1039E000040001002DE9FC5F04460F46904699460D
:1039F000DDE90CAB0E9EFFF799FD054694F83D00FE
:103A000020287DD1192301224D492046009502F03E
:103A10007FFD10B10220BDE8FC9F00BF94F83C0080
:103A2000012801D10220F6E7012084F83C0000BF04
:103A30002068006800F0010028B92068006840F0A4
:103A40000100216808602068006820F40060216897
:103A50000860212084F83D00402084F83E000020CA
:103A60002064C4F824A0A4F82AB0608D20853548CD
:103A7000E0624B46424639462046CDE9006502F0F9
:103A8000B3FC08B10120C6E731E02A4631462046A2
:103A900002F023FE50B1206C042805D12068006894
:103AA00040F40070216808600120B4E7606A007883
:103AB00021680861606A401C6062208D401E20857C
:103AC000608D401E608520684069C0F3800070B141
:103AD000208D60B1606A007821680861606A401CCE
:103AE0006062208D401E2085608D401E6085208D87
:103AF0000028CAD12A463146204602F0DBFC00E00D
:103B00001CE050B1206C042805D12068006840F406
:103B100000702168086001207DE72068006840F49B
:103B2000007021680860202084F83D00002084F89F
:103B30003E0000BF84F83C0000BF6CE702206AE74B
:103B4000020010000000FFFF10B586B004461421EB
:103B500001A8FCF7B6FD73492068884230D100BF48
:103B6000002000907048006840F002006E49086034
:103B70000846006800F00200009000BF00BF4FF44C
:103B800040700190122002900120039003200490C5
:103B90000420059001A96548FFF7C2FB00BF002083
:103BA000009061481030006840F400105E49103108
:103BB00008600846006800F40010009000BFAFE005
:103BC0005B492068884259D100BF002000905648C8
:103BD000006840F02000544908600846006800F082
:103BE0002000009000BF00BF03200190122002902F
:103BF00001200390032004900420059001A94D4862
:103C0000FFF78EFB00BF002000904748103000688F
:103C100040F480004449103108600846006800F410
:103C20008000009000BF00BF4348444908604FF047
:103C3000606048604021414881600021C1604FF4CC
:103C400080610161002141618161C1614FF40031F6
:103C5000016200214162FFF783FA08B1FEF7E0F844
:103C600000BF36486063846300BF35480068406821
:103C700040F4006032490968486051E031492068E9
:103C800088424DD100BF002000902748006840F0D6
:103C90000400254908600846006800F00400009010
:103CA00000BF00BF00BF002000900846006840F041
:103CB000010008600846006800F00100009000BFA5
:103CC00000BF4815019012200290012003900320AC
:103CD00004900420059001A91B48FFF721FB4FF435
:103CE0008070019012200290012003900320049024
:103CF0000420059001A91548FFF712FB00BF002022
:103D0000009009481030006840F400000649103166
:103D100008600846006800F40000009000BF00BF83
:103D200006B010BD0054004030380240000402408C
:103D30000058004000140240B8600240100C0020FF
:103D4000680B0020005C00400008024000000240B8
:103D5000034800680349097808440149086070472E
:103D60005C0000206400002010B50D48006840F49D
:103D700000700B4908600846006840F480600860E5
:103D80000846006840F480700860032000F0A8F83E
:103D90000F2000F007F800F02BF8002010BD000005
:103DA000003C024070B504460E4800784FF47A712A
:103DB000B1FBF0F00C490968B1FBF0F5284601F0C1
:103DC00046FC08B1012070BD102C07D2002221460C
:103DD000501E00F047F80548046001E00120F2E7BA
:103DE0000020F0E764000020680000206000002050
:103DF00008B500BF002000901148006840F48040E2
:103E00000F4908600846006800F48040009000BF39
:103E100000BF00BF00200090081F006840F08050E5
:103E2000091F08600846006800F08050009000BF3D
:103E300000BF00220F21901E00F014F808BD000002
:103E40004438024001460846002809DB00F01F0301
:103E500001229A4043099B0003F1E023C3F80021AB
:103E600000BF70472DE9F05F80460D4616460027DB
:103E700008F088FD074639462A46334601F0070018
:103E8000C0F1070ABAF1040F02D94FF0040A01E0A9
:103E9000C0F1070AD14600F1040ABAF1070F02D2B5
:103EA0004FF0000A01E0A0F1030AD4464FF0010AE6
:103EB0000AFA09FAAAF1010A0AEA020A0AFA0CFA4B
:103EC0004FF0010B0BFA0CFBABF1010B0BEA030BF0
:103ED0004AEA0B042146404608F05CFDBDE8F09F2D
:103EE00000BF00F00702064B19684FF6FF031940A8
:103EF000044B0B4343EA0221014B196000BF70479A
:103F00000CED00E00000FA05704710B50446D4F847
:103F1000040407F067FC10BD70B504460D46C5EB00
:103F2000C50304F13C0101EB8301CA682946D4F8BA
:103F3000040407F084FB70BD70B504460D46C5EB64
:103F4000C50304F5FE7101EB8301CA682946D4F864
:103F5000040407F0F4FB70BD10B50446D4F8040463
:103F600007F043FC10BD70B504460E4606F00F0086
:103F70006168884201D9012070BD06F08000802868
:103F80000AD106F00F00C0EBC00104F13C0000EBC9
:103F900081050120687009E006F00F00C0EBC00148
:103FA00004F5FE7000EB8105002068700020A87009
:103FB00006F00F00287000BF94F8BC03012801D15F
:103FC0000220D9E7012084F8BC0300BF29462068FD
:103FD00008F064F900BF002084F8BC0300BF00BFF4
:103FE000CAE72DE9F04705460E4690461F464FF0BA
:103FF000000906F0800080280AD106F00F00C0EB0F
:10400000C00105F13C0000EB81040120607009E073
:1040100006F00F00C0EBC00105F5FE7000EB810457
:104020000020607006F00F002070C4F80880E77070
:10403000607808B12078E080022F01D10020207143
:1040400000BF95F8BC03012802D10220BDE8F0872B
:10405000012085F8BC0300BF2146286807F06EFFE9
:1040600000BF002085F8BC0300BF4846EEE72DE9FD
:10407000F04104460E461746984606F00F00C0EB86
:10408000C00104F5FE7000EB8105EF60C5F81480F7
:104090000020A861687006F00F00287020690128D0
:1040A00000D12F6106F00F0028B9227C2946206834
:1040B00007F0D0FF04E0227C2946206808F082F94E
:1040C0000020BDE8F08170B504460D4605F00F00F4
:1040D0006168884201D9012070BD05F08000802808
:1040E0000AD105F00F00C0EBC00104F13C0000EB69
:1040F00081060120707007E0C5EBC50104F5FE7074
:1041000000EB8106002070700120B07005F00F00F8
:10411000307000BF94F8BC03012801D10220DBE716
:10412000012084F8BC0300BF3146206808F0FDF888
:1041300005F00F0028B9217C04F57172206808F0A1
:1041400075F800BF002084F8BC0300BF00BFC3E7C0
:104150002DE9F04104460E461746984606F00F003A
:10416000C0EBC00104F13C0000EB8105EF60C5F835
:1041700014800020A8610120687006F00F002870EC
:104180002069012800D12F6106F00F0028B9227C98
:104190002946206807F05EFF04E0227C294620685B
:1041A00008F010F90020BDE8F0812DE9FE4F04462B
:1041B00020680290029E206808F0D1FA00287DD184
:1041C000206808F00BFB08B9BDE8FE8F206808F0F6
:1041D00005FB00F00200022805D12068406900F0CC
:1041E000020021684861206808F0F8FA00F4002015
:1041F000B0F5002F58D10025206808F0BFFA82469C
:104200004FE00AF00100002848D0E9B2206808F029
:10421000D8FA804608F0010048B1012106F5306067
:1042200000EB451081602946204603F0EBFA08F0C8
:104230000800082809D12946204603F09DFA0821E4
:1042400006F5306000EB4510816008F01000102882
:1042500005D1102106F5306000EB4510816008F0B3
:10426000200020280ED12069012805D104F57172A3
:104270000121206807F0DAFF202106F5306000EB0D
:104280004510816008F40050B0F5005F06D14FF48E
:10429000005106F5306000EB451081606D1C4FEA5F
:1042A0005A0ABAF1000FACD1206808F097FA00F46E
:1042B0008020B0F5802F7ED1206800E012E208F067
:1042C00053FA8246002586E00AF0010000287FD0DC
:1042D000E9B2206808F05CFA804608F00100E8B313
:1042E00005F00F0101208840019040F6340081590B
:1042F000019821EA000040F634018851012106F5B9
:10430000106000EB451081602069012815D1C5EBD4
:10431000C50104F13C0000EB8100C5EBC502C1689A
:1043200004F13C0000EB820080680144C5EBC5024B
:1043300004F13C0000EB8200C160E9B22046FFF7C7
:10434000EBFD2069012810D145B9C5EBC50104F189
:104350003C0000EB8100406900B900E005E004F595
:1043600071720121206807F061FF08F00800082839
:1043700005D1082106F5106000EB4510816008F0BA
:104380001000102805D1102106F5106000EB451033
:10439000816008F04000402805D1402106F51060FA
:1043A00000EB4510816008F00200022808D10221CC
:1043B00006F5106001E012E00AE000EB45108160B4
:1043C00008F08000802803D12946204603F0DAFA5D
:1043D0006D1C4FEA5A0ABAF1000F7FF475AF2068DE
:1043E00008F0FCF900F00040B0F1004F1CD140F69D
:1043F0000400805920F0010140F60400815194F836
:10440000F403012807D1002084F8F403002120469A
:10441000FFF77AFD02E0204600F090F9206840693D
:1044200000F0004021684861206808F0D7F900F4E6
:104430000060B0F5006F0ED140F60800805900F022
:10444000010010B1204600F0ABF92068406900F48B
:10445000006021684861206808F0C0F900F48050CD
:10446000B0F5805F72D140F60400805920F0010160
:1044700040F6040081511021206808F045F900271A
:1044800026E04FF67F3106F5106000EB47108160A3
:1044900006F5106000EB4710006820F4001106F5E7
:1044A000106000EB471001604FF67F3106F5306079
:1044B00000EB4710816006F5306000EB47100068A4
:1044C00020F4001106F5306000EB471001607F1CFE
:1044D0006068B842D5D840F61C00805940F0011100
:1044E00040F61C008151206B70B1D6F8840840F072
:1044F0000B01C6F8841840F64400805940F00B01C7
:1045000040F6440081510FE040F61400805942F219
:104510002B01084340F614018851081F805940F0D0
:104520000B014FF401608151D6F8000820F4FE60C1
:10453000C6F80008217C04F57172206807F076FE49
:104540002068406900F4805021684861206808F0C4
:1045500045F900F40050B0F5005F17D1206807F06E
:1045600055FD206808F0E8F8E06000F0C3FA00901C
:10457000227B2068009908F05DF9204600F0C6F81B
:104580002068406900F4005021684861206808F004
:1045900025F900F01000102846D12068806920F02D
:1045A0001000216888610298D0F8209009F00F006F
:1045B000C0EBC00104F5FE7000EB810BC9F3434072
:1045C00002281AD147F6F07009EA000030B3C9F3A7
:1045D0000A12DBF80C10029808F005F9C9F30A1169
:1045E000DBF80C000844CBF80C00C9F30A11DBF827
:1045F00018000844CBF8180010E0C9F3434006281F
:104600000CD1082204F57171029808F0ECF8C9F396
:104610000A11DBF818000844CBF8180020688069FC
:1046200040F0100021688861206808F0D7F800F099
:104630000800082808D1204600F087F82068406963
:1046400000F0080021684861206808F0C7F800F40D
:104650008010B0F5801F0AD100252946204600F0C1
:1046600043F82068406900F48010216848612068A0
:1046700008F0B4F800F40010B0F5001F0AD10025CE
:104680002946204600F039F82068406900F40010FF
:1046900021684861206808F0A1F800F08040B0F17E
:1046A000804F08D12046FFF730FC2068406900F0B9
:1046B000804021684861206808F090F800F004000C
:1046C00004280FD12068D0F8049009F004000428D1
:1046D00002D12046FFF740FC2068406840EA09000C
:1046E0002168486000BF6FE570B504460D46294655
:1046F000D4F8040407F0A2F870BD70B504460D4666
:104700002946D4F8040407F09CF870BD70B504463F
:104710000125E06808B9002506E0E068022801D11B
:10472000012501E0FDF77CFB2946D4F8040407F0DD
:1047300001F9D4F8040407F0B7F870BD10B50446C9
:10474000D4F8040407F0DEF810BD10B50446D4F820
:10475000040407F0DEF810BD70B504460D4600BF36
:1047600094F8BC03012801D1022070BD012084F817
:10477000BC0300BF84F838502946206808F044F88C
:1047800000BF002084F8BC0300BF00BFEDE710B5F8
:10479000044604F57171D4F8040407F0E2F810BD82
:1047A00010B50446D4F8040407F025F92068D0F8C1
:1047B000000E40F001002168C1F8000E206A28B107
:1047C0000348006840F006000149086010BD000081
:1047D00010ED00E0F8B5044600250026207800F032
:1047E000010020B9207800F0040004282FD1002017
:1047F0005B498866FEF79AFE054606E0FEF796FEE0
:10480000401B022801D90320F8BD56480068C0F3B8
:10481000C0600028F2D160688101207A41EA00700E
:1048200050498431086001204D498866FEF77EFEBC
:10483000054606E0FEF77AFE401B022801D9032058
:10484000E2E748480068C0F3C0600028F2D0207852
:1048500000F0020002287DD100BF002000904148F6
:104860004030006840F080503E49403108600846C2
:10487000006800F08050009000BF00BF3A48006818
:1048800040F4807038490860FEF750FE054606E0A7
:10489000FEF74CFE401B022801D90320B4E7324842
:1048A000006800F480700028F2D02E487030006854
:1048B00000F440764EB3A08900F44070B04224D09A
:1048C00028487030006820F44076012027490860AD
:1048D00000200860234870300660006800F0010086
:1048E00098B1FEF723FE054608E0FEF71FFE401BC9
:1048F00041F28831884201D9032085E71948703098
:104900000068C0F340000028EFD000BFA08900F489
:104910004070B0F5407F0CD112480830006820F498
:10492000F810134AE168114008430E490831086045
:1049300007E00C480830006820F4F81009490831F5
:104940000860084870300068A189C1F30B01084372
:10495000044900E002E07031086000BF002053E726
:10496000000047420038024000700040400E4742BD
:10497000FFFCFF0F70B504460D460CB9012070BD59
:104980005848006800F00F00A84209D255490D7040
:104990000846006800F00F00A84201D00120EEE7B1
:1049A000207800F0020002281DD1207800F00400D9
:1049B000042805D14C48006840F4E0504A4908609A
:1049C000207800F00800082805D14748006840F426
:1049D0006040454908604448006820F0F000A16844
:1049E000084341490860207800F00100A8B36068DE
:1049F000012807D13C4808380068C0F34040B8B9E6
:104A00000120BCE76068022802D06068032807D153
:104A1000354808380068C0F3406048B90120AEE767
:104A2000314808380068C0F3400008B90120A6E703
:104A30002D48006820F00300616808432A49086097
:104A4000FEF774FD064609E0FEF770FD801B41F29B
:104A50008831884202D9032091E707E022480068A4
:104A600000F00C006168B0EB810FEDD11D480068CB
:104A700000F00F00A84209D91A490D7008460068D5
:104A800000F00F00A84201D0012078E7207800F064
:104A90000400042807D11448006820F4E050E168BD
:104AA000084311490860207800F00800082808D160
:104AB0000D48006820F46040216940EAC1000A49BD
:104AC000086000F03DF808490968C1F30311074A7E
:104AD000515CC840064908600F20FFF763F90020C9
:104AE0004DE70000003C0240083802403C5B0108F2
:104AF000680000200148006870470000680000203E
:104B000000B5FFF7F7FF04490968C1F38221034AA2
:104B1000515CC84000BD0000083802404C5B0108F1
:104B200000B5FFF7E7FF04490968C1F34231034AC2
:104B3000515CC84000BD0000083802404C5B0108D1
:104B40002DE9F047002400250026A14625480068ED
:104B500000F00C0020B1042805D008283AD105E067
:104B6000DFF8849039E0DFF8849036E01D48001FBC
:104B7000006800F03F041B48001F006800F480003C
:104B800078B11A481749091F0968C1F38811A0FBB9
:104B900001700146224600233846FBF75BFC0546C0
:104BA0000EE011480F49091F0968C1F38811A0FBE5
:104BB00001700146224600233846FBF74BFC0546B0
:104BC0000848001F0068C0F30140401C4600B5FBC8
:104BD000F6F902E0DFF8109000BF00BF4846BDE8DC
:104BE000F0870000083802400024F400001BB700E2
:104BF000F8B504460CB90120F8BD207800F001009A
:104C0000002874D0F948006800F00C0004280DD08A
:104C1000F648006800F00C00082813D1F348001F84
:104C2000006800F48000B0F5800F0BD1EF48083821
:104C30000068C0F34040002859D06068002856D171
:104C40000120D9E700BF6068B0F5803F08D1E74890
:104C50000838006840F48030E449083908601EE0F4
:104C60006068B0F5A02F0DD1E0480838006840F426
:104C70008020DE49083908600846006840F480302A
:104C800008600CE0D9480838006820F48030D74923
:104C9000083908600846006820F48020086000BFDA
:104CA000606890B1FEF742FC054606E0FEF73EFC68
:104CB000401B642801D903209EE7CC4808380068CF
:104CC000C0F340400028F1D011E0FEF72FFC05466C
:104CD00006E0FEF72BFC401B642801D903208BE77C
:104CE000C24808380068C0F340400028F1D120785D
:104CF00000F0020002285FD1BC48006800F00C0000
:104D000058B1BA48006800F00C0008281CD1B74818
:104D1000001F006800F48000B0B9B448083800688B
:104D2000C0F3400020B1E068012801D0012063E712
:104D3000AE480838006820F0F800216940EAC10058
:104D4000AA490839086037E0E06800B30120A849A3
:104D50000860FEF7EBFB054606E0FEF7E7FB401BAD
:104D6000022801D9032047E7A04808380068C0F3AB
:104D700040000028F1D09D480838006820F0F80075
:104D8000216940EAC10099490839086014E000200F
:104D900097490860FEF7CAFB054606E0FEF7C6FB2A
:104DA000401B022801D9032026E7904808380068F4
:104DB000C0F340000028F1D1207800F00800082856
:104DC0002CD16069A8B101208A490860FEF7AEFBCA
:104DD000054606E0FEF7AAFB401B022801D9032086
:104DE0000AE782486C300068C0F340000028F1D028
:104DF00014E000207F490860FEF798FB054606E0B6
:104E0000FEF794FB401B022801D90320F4E6774803
:104E10006C300068C0F340000028F1D1207800F029
:104E20000400042870D1002670483830006800F073
:104E3000805090B900BF002000906C483830006866
:104E400040F080506949383108600846006800F039
:104E50008050009000BF00BF01266748006800F442
:104E60008070B0B96448006840F48070624908609E
:104E7000FEF75CFB054606E0FEF758FB401B0228E8
:104E800001D90320B8E65C48006800F4807000286F
:104E9000F2D000BFA068012808D1544868300068EB
:104EA00040F001005149683108601DE0A068052804
:104EB0000DD14E486830006840F004004B4968311D
:104EC00008600846006840F0010008600CE04748B0
:104ED0006830006820F001004449683108600846E5
:104EE000006820F00400086000BFA068A8B1FEF7C9
:104EF0001DFB054609E0FEF719FB401B41F2883116
:104F0000884202D9032077E626E0384868300068F6
:104F1000C0F340000028EED013E0FEF707FB054683
:104F200008E0FEF703FB401B41F28831884201D9BB
:104F3000032061E62D4868300068C0F34000002877
:104F4000EFD1012E07D129483830006820F0805079
:104F500026493831086000BFA069B8B3234800680B
:104F600000F00C0008285ED0A069022846D100207D
:104F70001F490866FEF7DAFA054606E0FEF7D6FA9C
:104F8000401B022801D9032036E61848083800687B
:104F9000C0F340600028F1D1D4E907010843616AF9
:104FA00040EA81110122A06AC2EB500041EA0041AF
:104FB0002C20005D41EA00600C49091F08600120B7
:104FC0000B490866FEF7B2FA054607E02DE0FEF74A
:104FD000ADFA401B022801D903200DE6034808382A
:104FE0000068C0F340600028F1D01EE0083802409D
:104FF00000004742800E47420070004000200C49EC
:105000000866FEF793FA054606E0FEF78FFA401BA6
:10501000022801D90320EFE506480068C0F340608C
:105020000028F2D101E00120E6E50020E4E50000DF
:10503000000047420038024010B504460CB9012078
:1050400010BD607920B900202071204600F00EF8D4
:10505000022060712068006840F004002168086048
:10506000012060710020A06000BFE9E708B50A4A8E
:10507000016891420FD100BF0021009107490968E2
:1050800041F04001054A11601146096801F04001F4
:10509000009100BF00BF08BD000806503438024030
:1050A00010B504460CB9012010BD607F20B9002066
:1050B0002077204600F060F80220607700BFCA2009
:1050C0002168486253202168486200BF204602F0F0
:1050D00085FE40B100BFFF202168486200BF042068
:1050E00060770120E0E72068806822490840216855
:1050F000886021696068084361690843216889689C
:105100000843216888602168E068086120680169B7
:10511000208941EA0040216808612068C06820F0C9
:1051200080002168C8602068806800F0200060B9B5
:10513000204600F02DF840B100BFFF2021684862F2
:1051400000BF042060770120AEE72068006C20F4E7
:105150008020216808642068006CA16908432168E8
:10516000086400BFFF202168486200BF012060770B
:10517000002099E7BFFF8FFF034A0168914202D1E7
:105180000121024A11607047002800403C0E47424E
:1051900070B5044600252068C06820F0A000216892
:1051A000C860FEF7C3F9054607E0FEF7BFF9401BEC
:1051B000B0F57A7F01D9032070BD2068C06800F087
:1051C00020000028F1D00020F6E710B504460CB905
:1051D000012010BD606A00B900BF0021A16294F8EF
:1051E000510028B9002084F85000204600F034F81F
:1051F000022084F851002068006820F040002168F7
:105200000860D4E901010843E168084321690843C3
:1052100061690843218B01F400710843E169084387
:10522000216A0843A16A0843216808600421A06933
:1052300001EA1040616A0843216848602068C0693B
:1052400020F400602168C86100206065012084F8B6
:1052500051000020BDE7000010B586B004461421BF
:1052600001A8FBF72EFA6749206888427ED100BF6B
:10527000002000906448006840F480506249086053
:105280000846006800F48050009000BF00BF00BFD7
:10529000002000905C481438006840F002005A4931
:1052A000143908600846006800F00200009000BF52
:1052B00000BF00BF002000900846006840F00100D9
:1052C00008600846006800F00100009000BF00BFC1
:1052D00018200190022002900120039003200490E6
:1052E0000520059001A94948FEF71AF88020019091
:1052F00002200290012003900320049005200590D5
:1053000001A94348FEF70CF84248434908604FF0B2
:10531000C0604860002140488160C1604FF48061F6
:105320000161002141618161C1614FF4403101623D
:1053300000214162FDF714FF08B1FCF771FD00BFC9
:105340003548E064846300BF324818303349086050
:105350004FF0C06048604021304881600021C1604A
:105360004FF4806101610021416100E010E0816142
:10537000C1614FF40031016200214162FDF7F0FE8E
:1053800008B1FCF74DFD00BF2448A064846336E0FB
:1053900023492068884232D100BF002000901A487B
:1053A000001F006840F480401749091F0860084644
:1053B000006800F48040009000BF00BF00BF0020E4
:1053C000009011481438006840F002000E4914396A
:1053D00008600846006800F00200009000BF00BFAF
:1053E0004FF46040019002200290012003900320BE
:1053F00004900520059001A90448FDF791FF06B02F
:1054000010BD00000030014044380240000402405A
:105410000000024040640240500D0020B00D00200A
:10542000003800402DE9FF5F0446884691461D463E
:105430000E9E012002900020019000BF94F85000C1
:10544000012803D1022004B0BDE8F09F012084F8B8
:10545000500000BFFEF76AF8074694F851B0606844
:105460000390AA46BBF1010F0BD00398B0F5827FE1
:1054700004D1A06810B9BBF1040F02D00220019042
:10548000DBE0B8F1000F03D0B9F1000F00D015B97F
:1054900001200190D1E094F85100042802D00520A9
:1054A00084F8510000206065C4F83890E587A5872E
:1054B000C4F83080E586A5862064606420680068B2
:1054C00000F04000402805D02068006840F040000F
:1054D00021680860E068B0F5006F4AD1606810B1DB
:1054E000BAF1010F09D1206B00882168C860206BD8
:1054F000801C2063E08E401EE08633E020688068D8
:1055000000F00200022810D1E08E70B1029801284C
:105510000BD1206B00882168C860206B801C206341
:10552000E08E401EE086002002902068806800F037
:10553000010068B1E08F58B12068C068A16B088095
:10554000A06B801CA063E08F401EE08701200290CA
:10555000FDF7ECFFC01BB04204D3701C10B1032058
:1055600001906AE0E08E0028C8D1E08F0028C5D104
:105570004AE0606810B1BAF1010F09D1206B0078E0
:1055800021680873206B401C2063E08E401EE0867B
:1055900034E02068806800F00200022810D1E08E1C
:1055A00070B1029801280BD1206B00782168087334
:1055B000206B401C2063E08E401EE086002002909D
:1055C0002068806800F0010068B1E08F58B1206861
:1055D000C068A16B0870A06B401CA063E08F401EE8
:1055E000E08701200290FDF7A1FFC01BB04201D36C
:1055F000701C00B916B9032001901EE0E08E00284F
:10560000C7D1E08F0028C4D13A463146204605F084
:1056100063F820B101200190202060650DE0A068B2
:1056200050B900BF002000902068C068009020683A
:105630008068009000BF00BF00BF012084F85100C7
:1056400000BF002084F8500000BF0198FBE670B551
:1056500004462546681EB0F1807F01D301200FE08B
:10566000681E4FF0E02148610F214FF0FF3007F036
:1056700091F900204FF0E0218861072008610020A7
:1056800070BD10B50346002200BF93F83C0001280E
:1056900001D1022010BD012083F83C0000BF22F0A0
:1056A000FF00CC6840EA040222F440708C6840EAB3
:1056B000040222F480604C6840EA040222F4006094
:1056C0000C6840EA040222F480500C6940EA0402AB
:1056D00022F400504C6940EA040222F48040CC6974
:1056E00040EA04021868426400BF002083F83C00CE
:1056F00000BF00BFCEE710B5024600BF92F83C00E5
:10570000012801D1022010BD012082F83C0000BF19
:10571000022082F83D00106843681068846823F016
:1057200070030868034324F0800448680443106849
:10573000436010688460012082F83D0000BF0020B3
:1057400082F83C0000BF00BFDDE710B504460CB98D
:10575000012010BD94F83D0028B9002084F83C00D9
:10576000204600F00DF8022084F83D00211D20683D
:1057700005F0DEF8012084F83D000020E9E7000094
:1057800008B53F4A016891420FD100BF0021009146
:105790003C49096841F001013A4A11601146096823
:1057A00001F00101009100BF69E0374A01689142B0
:1057B00011D100BF002100913249091F096841F051
:1057C0000201304A121F11601146096801F00201FE
:1057D000009100BF53E02D4A0168914211D100BFF2
:1057E000002100912749091F096841F00401254A59
:1057F000121F11601146096801F00401009100BFF9
:105800003DE0234A0168914211D100BF002100917F
:105810001C49091F096841F008011A4A121F11604A
:105820001146096801F00801009100BF27E0194AFC
:10583000016891420FD100BF002100911149096810
:1058400041F002010F4A11601146096801F002019E
:10585000009100BF13E0104A016891420FD100BFD0
:10586000002100910749096841F40031054A11609F
:105870001146096801F40031009100BF00BF08BD66
:10588000000001404438024000040040000800408D
:10589000000C004000040140004401400146022089
:1058A00081F83D000868806800F00702062A05D0EC
:1058B0000868006840F001000B681860012081F85A
:1058C0003D00002070472DE9F04104460D4600BF21
:1058D00094F83C00012802D10220BDE8F0810120AB
:1058E00084F83C0000BF022084F83D0020688668F0
:1058F00026F0770626F47F462068866028685028C0
:1059000033D00CDC202850D004DC00284BD01028E9
:1059100051D149E0302849D040284CD139E06028A5
:105920002DD0702807D0B0F5805F03D0B0F5005FB0
:1059300041D10DE040E0D5E902136A68206805F026
:1059400074F82068866846F077062068866033E041
:10595000D5E902136A68206805F067F82068806856
:1059600040F480402168886026E0EA686968206821
:1059700005F04CF95021206805F062F81CE0EA6857
:105980006968206805F055F96021206805F058F82D
:1059900012E0EA686968206805F038F9402120685B
:1059A00005F04EF808E000BF00BF00BF296820687E
:1059B00005F046F800E000BF00BF012084F83D007C
:1059C00000BF002084F83C0000BF00BF85E7000056
:1059D00010B586B00446142101A8FAF772FE994961
:1059E0002068884232D100BF0020009096480068AD
:1059F00040F01000944908600846006800F010006C
:105A0000009000BF00BF4FF4D440019002200290EC
:105A100001200390022004900120059001A98B48E9
:105A2000FDF77EFC8A48FFF739FF0021884800F027
:105A3000CFF90421864800F0CBF90821844800F012
:105A4000C7F90C21824800F0C3F9F9E081492068C8
:105A5000884224D100BF002000907B48006840F0BD
:105A60000400794908600846006800F004000090CE
:105A700000BF00BF88150190022002900120039012
:105A800002200490059001A97348FDF749FC734872
:105A9000FFF704FF0821714800F09AF9D0E070493F
:105AA0002068884226D100BF002000906648006828
:105AB00040F00800644908600846006800F00800EB
:105AC000009000BF00BF4FF4804001900220029080
:105AD00001200390032004900220059001A9614851
:105AE000FDF71EFC6048FFF7D9FE08215E4800F074
:105AF0006FF9A5E05D49206888422DD100BF0020E4
:105B000000905148006840F080004F490860084606
:105B1000006800F08000009000BF00BF4FF4E0502C
:105B20000190022002900120039002200490059031
:105B300001A94F48FDF7F4FB4E48FFF7AFFE0021E7
:105B40004C4800F045F904214A4800F041F9082189
:105B5000484800F03DF973E047492068884246D143
:105B600000BF002000903848006840F4807036493B
:105B700008600846006800F48070009000BF00BF15
:105B800000BF002000900846006840F00400086054
:105B90000846006800F00400009000BF00BF4020ED
:105BA0000190022002900120039002200490032023
:105BB000059001A93148FDF7B3FB40200190022078
:105BC000029001200390022004900320059001A977
:105BD0002148FDF7A5FB2A48FFF760FE0021284871
:105BE00000F0F6F80421264800F0F2F828E02549F4
:105BF0002068884224D100BF00200090124800682D
:105C000040F02000104908600846006800F02000BD
:105C1000009000BF00BF40200190022002900120B0
:105C20000390022004900320059001A91648FDF777
:105C300077FB1648FFF732FE0021144800F0C8F841
:105C400006B010BD00000140303802400010024094
:105C5000100E00200004004000080240500E0020FA
:105C600000080040000C0240900E0020000C004094
:105C7000001C0240D00E0020000401400020024021
:105C8000100F00200044014000140240500F00207B
:105C900070B504460D46164600BF94F83C00012836
:105CA00001D1022070BD012084F83C0000BF022019
:105CB00084F83D0036B1042E1BD0082E31D00C2EB6
:105CC0005ED145E02946206804F0C4FE2068806962
:105CD00040F00800216888612068806920F0040095
:105CE0002168886120688069296908432168886182
:105CF00047E02946206804F0E5FE2068806940F40A
:105D00000060216888612068806920F480602168D3
:105D1000886120688069296940EA012021688861DA
:105D20002FE02946206804F00BFF2068C06940F08E
:105D300008002168C8612068C06920F0040021685B
:105D4000C8612068C069296908432168C86118E0F2
:105D50002946206804F030FF2068C06940F40060E4
:105D60002168C8612068C06920F480602168C8612A
:105D70002068C069296940EA01202168C86100E003
:105D800000BF00BF012084F83D0000BF002084F860
:105D90003C0000BF00BF85E710B504460CB90120E8
:105DA00010BD94F83D0028B9002084F83C0020463E
:105DB00000F00CF8022084F83D00211D206804F05A
:105DC000B7FD012084F83D000020E9E7704700009E
:105DD00070B504460E4601223146206804F014FED8
:105DE0000F492068884203D00E492068884201D1BB
:105DF000012000E0002028B12068406C40F4004001
:105E0000216848642068806800F00705062D05D0E9
:105E10002068006840F0010021680860002070BD23
:105E2000000001400004014001460022002391F8D7
:105E3000392091F83A3042EA0300704710B5044621
:105E40000CB9012010BDA06900B100E000BF94F8BA
:105E5000390028B9002084F83800204600F028F8DE
:105E6000242084F839002068C06820F4005021689C
:105E7000C860204604F0F2FE2068006920F49040DB
:105E8000216808612068406920F02A002168486183
:105E90002068C06840F400502168C8600020E063BA
:105EA000202084F8390084F83A000020CAE7000076
:105EB00010B586B00446142101A8FAF702FCC049C7
:105EC000206888427ED100BF00200090BD48006855
:105ED00040F01000BB4908600846006800F0100060
:105EE000009000BF00BF00BF00200090B5481438EC
:105EF000006840F00200B3491439086008460068A1
:105F000000F00200009000BF00BF00BF0020009022
:105F10000846006840F0010008600846006800F08C
:105F20000100009000BF00BF80200190022002907D
:105F300001200390032004900720059001A9A248A6
:105F4000FDF7EEF94FF4007001900220029001205D
:105F50000390032004900720059001A99B48FDF7BA
:105F6000DFF99B489B4908604FF000604860402182
:105F7000984881600021C1604FF480610161002177
:105F800041618161C1614FF4803101620021416250
:105F9000FDF7E6F808B1FBF743FF00BF8D4820632B
:105FA000846300BF8A4830388B4908604FF0006036
:105FB0004860002188488160C1604FF480610161C0
:105FC000002100E01AE041618161C1614FF40031BC
:105FD000016200214162FDF7C3F808B1FBF720FF21
:105FE00000BF7D486063846300BF2520FDF72AFF62
:105FF000032211462520FDF735FFDEE077492068B2
:1060000088425BD100BF002000906E48001F0068EE
:1060100040F480206B49091F08600846006800F4BE
:106020008020009000BF00BF00BF002000906548A6
:106030001438006840F004006249143908600846CA
:10604000006800F00400009000BF00BF4FF4406003
:106050000190022002900120039003200490072069
:10606000059001A95E48FDF75BF95E485E4908604E
:106070004FF00060486000215B488160C1604FF4D0
:1060800080610161002141618161C1614FF4003192
:10609000016200214162FDF763F808B1FBF7C0FE21
:1060A00000BF51486063846300BF002204212720A1
:1060B000FDF7D8FE2720FDF7C5FE7EE04B4920689E
:1060C00088427AD100BF002000903E48006840F02E
:1060D00020003C4908600846006800F0200000905D
:1060E00000BF00BF00BF0020009036481438006891
:1060F00040F040003349143908600846006800F059
:106100004000009000BF00BF4FF484400190022087
:10611000029001200390032004900820059001A91B
:106120003348FDF7FDF82A48903832490860800569
:10613000486000212F488160C1604FF48061016197
:10614000002141618161C1614FF400310162002190
:106150004162FDF705F808B1FBF762FE00BF254874
:106160006063846300BF1A481838234908604FF001
:10617000206048604021204881600021C1604FF4C8
:1061800080610161002141618161C1614FF4803111
:10619000016200214162FCF7E3FF08B1FBF740FE1A
:1061A00000BF15482063846300BF002205214720FB
:1061B000FDF758FE4720FDF745FE06B010BD000074
:1061C0000010014044380240000402400000024038
:1061D000B864024050100020B01000200048004079
:1061E0000008024028600240101100200014014005
:1061F0000018024070110020D011002010B5034695
:1062000093F83A0020282FD101B10AB9012010BD1E
:1062100000BF93F83800012801D10220F7E70120E0
:1062200083F8380000BF99629A85DA850020D86328
:10623000222083F83A0000BF002083F8380000BF16
:106240001868C06840F480701C68E0601868406995
:1062500040F001001C6860611868C06840F02000D0
:106260001C68E0600020D2E70220D0E700BFFEE714
:10627000014608684069C0F38020B0B16FF48060C7
:106280000A68506100200863202081F83D0000204A
:1062900081F83E00086C40F00400086400BF002054
:1062A00081F83C0000BF012070470020FCE700009F
:1062B0002DE9F84304460F4615469946DDE9088660
:1062C0002068006840F480602168086020680068E9
:1062D00040F4807021680860434600224FF00111AD
:1062E0002046009600F014F910B10120BDE8F883B3
:1062F00007F0FE00216808613346424639492046CE
:1063000000F049F908B10120F0E700BF002000903B
:1063100020684069009020688069009000BF00BF3D
:1063200032464146204600F0D8F950B1206C04288E
:1063300005D12068006840F40070216808600120E1
:10634000D4E7B9F1010F03D1E8B22168086117E081
:10635000C5F307202168086132464146204600F017
:10636000BCF950B1206C042805D12068006840F4C5
:106370000070216808600120B8E7E8B22168086170
:1063800032464146204600F0A8F950B1206C04285E
:1063900005D12068006840F4007021680860012081
:1063A000A4E72068006840F48070216808604346D4
:1063B00000224FF001112046009600F0A9F808B124
:1063C000012093E7F8B240F00100216808613346EC
:1063D00042460449204600F0DEF808B1012085E776
:1063E000002083E7020001002DE9F84304468846B7
:1063F00015469946DDE908672068006840F480701A
:1064000021680860334600224FF0011120460097B2
:1064100000F07EF810B10120BDE8F88308F0FE001E
:10642000216808613B4632462149204600F0B3F816
:1064300008B10120F0E700BF00200090206840690B
:10644000009020688069009000BF00BF3A46314646
:10645000204600F042F950B1206C042805D1206894
:10646000006840F40070216808600120D4E7B9F1A9
:10647000010F03D1E8B22168086117E0C5F30720D6
:10648000216808613A463146204600F026F950B1AD
:10649000206C042805D12068006840F40070216851
:1064A00008600120B8E7E8B2216808610020B3E77E
:1064B0000200010070B504460D46164620E0204655
:1064C000FFF7D6FE08B1012070BD681CC0B1FDF712
:1064D0002DF8801BA84200D895B900202063202009
:1064E00084F83D00002084F83E00206C40F020003D
:1064F000206400BF002084F83C0000BF0120E3E7D7
:1065000020684069C0F380000028D8D00020DBE775
:106510002DE9F04104460D4617461E46DDF8188069
:106520001CE0701CD0B1FDF701F8A0EB0800B042F0
:1065300000D89EB900202063202084F83D00002070
:1065400084F83E00206C40F02000206400BF002052
:1065500084F83C0000BF0120BDE8F081C5F307408E
:1065600001280AD120684069A9B20840A9B288422E
:1065700001D101200BE0002009E020688069A9B268
:106580000840A9B2884201D1012000E00020B842B1
:10659000C7D00020E0E72DE9F04104460D4616463D
:1065A0001F463DE020684069C0F38020E8B12068C4
:1065B000006840F40070216808606FF48060216812
:1065C000486100202063202084F83D00002084F8EA
:1065D0003E00206C40F00400206400BF002084F8DE
:1065E0003C0000BF0120BDE8F081701CC0B1FCF789
:1065F0009DFFC01BB04200D896B900202063202028
:1066000084F83D00002084F83E00206C40F020001B
:10661000206400BF002084F83C0000BF0120E2E7B6
:10662000C5F3074001280AD120684069A9B2084093
:10663000A9B2884201D101200BE0002009E02068C6
:106640008069A9B20840A9B2884201D1012000E0C6
:1066500000200028A6D00020C5E770B504460D46EE
:10666000164632E020684069C0F30010A0B16FF018
:1066700010002168486100202063202084F83D003C
:10668000002084F83E00206C206400BF002084F8C5
:106690003C0000BF012070BDFCF748FF801BA842F2
:1066A00000D895B900202063202084F83D00002008
:1066B00084F83E00206C40F02000206400BF0020E1
:1066C00084F83C0000BF0120E5E720684069C0F382
:1066D00080100028C6D00020DDE770B504460D46C6
:1066E000164620E02046FFF7C3FD08B1012070BD2B
:1066F000681CC0B1FCF71AFF801BA84200D895B9EE
:1067000000202063202084F83D00002084F83E0013
:10671000206C40F02000206400BF002084F83C0082
:1067200000BF0120E3E720684069C0F3C0100028E3
:10673000D8D00020DBE7000070B504460D461646B1
:10674000308888B9184890ED000A184880ED000A92
:10675000154890ED010A154880ED010A124890EDA8
:10676000020A124880ED020A324611490F480AF027
:1067700049FD0E4890ED000A85ED000A90ED010AF2
:1067800085ED010A90ED020A85ED020AB7EE000AD6
:1067900084ED000AB7EE000A84ED010AB7EE000AA4
:1067A00084ED020A70BD0000348B0020288B00208D
:1067B000EC8B002091ED000A0E4A82ED000A91ED6B
:1067C000010A82ED010A91ED020A82ED020A92EDC0
:1067D000000A094A82ED000A064A92ED010A064AB9
:1067E00082ED010A034A92ED020A034A82ED020A8F
:1067F00070470000348B0020288B002008B507204C
:106800000BF002F902E064200BF0FEF8FAF71AFC34
:106810000028F8D102E064200BF0F6F80AF02EFF11
:106820000028F8D19B4AA2F10C01101DFAF724FCB4
:106830009948984B103B994A9949009099480AF019
:106840000BFDDFED990A9FED990A994A00219948BD
:1068500001F012FA914A92499748FAF735F99048AF
:1068600090ED000A954880ED000A954880ED000AF9
:10687000944880ED000A8A4890ED010A8F4880ED27
:10688000010A8F4880ED010A8E4880ED010A844894
:1068900090ED020A894880ED020A894880ED020ADB
:1068A000884880ED020A00200BF0F6F804460DF04F
:1068B0007DFC8549086010218448C161FEF785FC94
:1068C00008B1FBF7ADFA08228149824803F044FE83
:1068D000012081490870DBE000BF4FF0FF3101204B
:1068E0000CF010FC0128F8D17C48007800F008007A
:1068F00058B17A48007820F0080078490870654956
:10690000091D7348401CFAF769FB7548007800F0D0
:10691000040060B17248007820F0040070490870EB
:106920005C4A1032A2F11C016E48FAF701FB6E4876
:10693000007800F0040088B16B48007820F0040073
:106940006949087053496948FAF784FC514810387E
:10695000D0ED040AB0EE600A0AF0EEFD4E484D4B51
:10696000103B4E4A4E4900904E480AF075FC544880
:1069700090ED000A534880ED000A504890ED000A5F
:106980004F4880ED000A90ED000A5948D0ED000A0A
:1069900020EE200A4B48D0ED000A554890ED011A30
:1069A00000EE810A3E48D0ED000A514890ED021AEF
:1069B00000EE810A414880ED000A414890ED010A4D
:1069C000404880ED010A3D4890ED010A3C4880EDC9
:1069D000010A90ED010A4648D0ED000A20EE200A97
:1069E0003848D0ED010A424890ED011A00EE810AC4
:1069F0002B48D0ED010A3E4890ED021A00EE810AC4
:106A00002E4880ED010A2E4890ED020A2D4880EDB7
:106A1000020A2A4890ED020A294880ED020A90ED08
:106A2000020A3348D0ED000A20EE200A2548D0EDB6
:106A3000020A2F4890ED011A00EE810A1848D0EDA5
:106A4000020A2B4890ED021A00EE810A1B4880EDE5
:106A5000020A124B024613499FED260A1648FAF71E
:106A60009FF9254B1A1F111F134809F0C7F8234837
:106A7000007800F001002149087048B1084600780C
:106A800020F0010008700846007840F0020008700D
:106A900022E70000148B0020588B0020048C00207B
:106AA000F88B0020EC8B00200080894500A08C45ED
:106AB000E05B0108808B0020108C0020E08B002020
:106AC000D48B0020C88B002048020020A00C00209E
:106AD0004C02002054020020710200206D020020B0
:106AE0006E020020FA8A00206F0200206702002058
:106AF000EC5B01086F12833A288C002070020020A2
:106B00001FB500200090019002900390154816498F
:106B100008604FF400304860002113488160016133
:106B2000017680F82010C162104981620021C160A5
:106B30000121C161002180F8301001214161FBF782
:106B40003BFA08B1FBF76CF910200090012001908E
:106B50000020029069460448FBF764F908B1FBF78E
:106B60005FF91FBD002001408C0300200100000FD1
:106B70001FB500200090019002900390154816491F
:106B800008604FF4003048600021134881600161C3
:106B9000017680F82010C162104981620021C16035
:106BA0000121C161002180F8301001214161FBF712
:106BB00003FA08B1FBF734F9082000900120019096
:106BC0000020029069460448FBF72CF908B1FBF756
:106BD00027F91FBD00220140D40300200100000F4F
:106BE00010B50E480E4908600320486000210C488B
:106BF0008160C1604FF4102101614FF400114161C7
:106C00000021017641768176C17601774177FBF7E5
:106C100095FE08B1FBF704F910BD000000640040C8
:106C20001C04002010B50E480E490860032048607F
:106C300000210C488160C1604FF4102101614FF4C4
:106C4000001141610021017641768176C17601779C
:106C50004177FBF773FE08B1FBF7E2F810BD0000C7
:106C6000006800404404002010B50548054908604C
:106C70000846FCF728F908B1FBF7D2F810BD000070
:106C8000003002400400002008B500BF0020009042
:106C90002E48006840F480002C49086008460068CF
:106CA00000F48000009000BF00BF00BF00200090F3
:106CB0000846006840F4001008600846006800F4C8
:106CC0000010009000BF00BF002205210C20FDF73E
:106CD000C9F80C20FDF7B6F8002205212F20FDF79A
:106CE000C1F82F20FDF7AEF8002205213920FDF76D
:106CF000B9F83920FDF7A6F8002205213A20FDF762
:106D0000B1F83A20FDF79EF8002205213B20FDF75F
:106D1000A9F83B20FDF796F8002205214420FDF755
:106D2000A1F84420FDF78EF8002205214520FDF74B
:106D300099F84520FDF786F8002205214620FDF749
:106D400091F84620FDF77EF808BD0000303802407B
:106D500000B5B1B01C222A492AA8F9F756FC002137
:106D60002AA80AF06AFE274908601C2224491C311F
:106D700023A8F9F74AFC002123A80AF05EFE224965
:106D800008601C221E4938311CA8F9F73EFC00217E
:106D90001CA80AF052FE1D4908601C2218495431F3
:106DA00015A8F9F732FC002115A80AF046FE18498B
:106DB00008601C22124970310EA8F9F726FC002148
:106DC0000EA80AF03AFE134908601C220C498C31C7
:106DD00007A8F9F71AFC002107A80AF02EFE0E49B1
:106DE00008601C220649A8316846F9F70EFC00210C
:106DF00068460AF022FE0949086031B000BD000073
:106E0000705A0108400000201000002014000020EB
:106E1000180000201C00002020000020340000206A
:106E200000B587B0142102A8F9F74BFC00BF002081
:106E300001908948006840F00200874908600846D0
:106E4000006800F00200019000BF00BF00BF0020FA
:106E500001900846006840F040000860084600685D
:106E600000F04000019000BF00BF00BF0020019073
:106E70000846006840F0010008600846006800F01D
:106E80000100019000BF00BF00BF00200190084634
:106E9000006840F0080008600846006800F008003C
:106EA000019000BF00BF00BF0020019008460068AD
:106EB00040F0040008600846006800F004000190FB
:106EC00000BF00BF00BF002001900846006840F4EA
:106ED000807008600846006800F48070019000BF70
:106EE00000BF00BF002001900846006840F020006D
:106EF00008600846006800F02000019000BF00BF55
:106F000000BF002001900846006840F08000086043
:106F10000846006800F08000019000BF00BF00BF7D
:106F2000002001900846006840F010000860084604
:106F3000006800F01000019000BF00BF0122402156
:106F40004648FCF7EDFA012210214548FCF7E8FA23
:106F5000012241F201014348FCF7E2FA802002904D
:106F6000002003900120049002A93F48FCF7D8F9C3
:106F700040200290012003900490059002A9374818
:106F8000FCF7CEF9092002903848039001200490C4
:106F900002A93248FCF7C4F90720029000200390B0
:106FA000049002A93248FCF7BBF9012002900020AE
:106FB00003900120049002A92948FCF7B1F91020A0
:106FC00002900120039004900220059002A9244819
:106FD000FCF7A6F930200290244803900120049089
:106FE00002A92348FCF79CF94FF48050029001203D
:106FF00003900490059002A91A48FCF791F901202A
:107000000290039004900220059002A91548FCF715
:1070100087F9002206210846FCF724FF0620FCF72A
:1070200011FF002205210920FCF71CFF0920FCF7B5
:1070300009FF002205210A20FCF714FF0A20FCF7B3
:1070400001FF002205211720FCF70CFF1720FCF799
:10705000F9FE07B000BD00003038024000180240C1
:107060000000024000040240002002400000211005
:107070000008024010B50B480B4908600B484860F7
:10708000002109488160C1604FF480410161002105
:1070900041618161C1610162FCF74EFA08B1FAF702
:1070A000BFFE10BD00540040140B0020801A0600E3
:1070B00010B50B480B4908600B484860002109488F
:1070C0008160C1604FF480410161002141618161B3
:1070D000C1610162FCF730FA08B1FAF7A1FE10BDF8
:1070E00000580040680B0020801A060010B50B48BD
:1070F0000B4908600B484860002109488160C16065
:107100004FF480410161002141618161C1610162EF
:10711000FCF712FA08B1FAF783FE10BD005C0040DC
:10712000BC0B0020801A060010B505480549086010
:107130000846FDF781FF08B1FAF772FE10BD0000A6
:1071400000080650700C002010B50A480A49086073
:10715000002048607C210848816040F67F41C16082
:107160000021016141618161FDF79AFF08B1FAF7E1
:1071700057FE10BD00280040800C002010B50F48BD
:107180000F4908604FF48270486000210C4881600C
:10719000C1600221016101214161490281613821FF
:1071A000C16100210162416281620A21C162FEF770
:1071B0000CF808B1FAF734FE10BD000000300140B1
:1071C000A00C002010B50F480F4908604FF48270E2
:1071D000486000210C488160C160022101610121E9
:1071E0004161490281613821C1610021016241622E
:1071F00081620A21C162FDF7E8FF08B1FAF710FECB
:1072000010BD000000380040F80C002000B587B029
:107210001C216846F9F755FA154816490860002000
:10722000486000211348816041F28731C16000212C
:1072300001618161FEF789FA08B1FAF7F1FD0D48A5
:10724000FEF7AAFD08B1FAF7EBFD602000900020E0
:10725000019002900490002269460648FEF718FD4E
:1072600008B1FAF7DDFD0348FEF7B2FB07B000BD39
:1072700000440140500F002000B595B0002011904F
:107280001290139014900F9010901C2108A8F9F7F9
:1072900018FA20216846F9F714FA38483849086086
:1072A000A720486000213648816044F61F61C16014
:1072B0000021016141618161FEF747FA08B1FAF7E7
:1072C000AFFD4FF48050119011A92D48FEF7FBFA45
:1072D00008B1FAF7A5FD2A48FEF75EFD08B1FAF7F6
:1072E0009FFD00200F9010900FA92548FEF703FA8C
:1072F00008B1FAF795FD602008904FF47A70099074
:1073000000200A900B900C900D900E90002208A97E
:107310001B48FEF7BDFC08B1FAF782FD042208A95C
:107320001748FEF7B5FC08B1FAF77AFD082208A95C
:107330001348FEF7ADFC08B1FAF772FD0C2208A95C
:107340000F48FEF7A5FC08B1FAF76AFD002000908F
:1073500001900290039004904FF40050059000209B
:10736000079069460648FEF78CF908B1FAF758FD10
:107370000348FEF72DFB15B000BD000000000140E2
:10738000100E002000B58DB0002009900A900B90DF
:107390000C90079008901C216846F9F792F9204854
:1073A000204908600020486000211E48816042F2A8
:1073B000CF01C160002101618161FEF7C6F908B10A
:1073C000FAF72EFD4FF48050099009A91548FEF7F1
:1073D0007AFA08B1FAF724FD1248FEF7DDFC08B18D
:1073E000FAF71EFD00200790089007A90D48FEF748
:1073F00082F908B1FAF714FD602000900020019096
:1074000002900490082269460648FEF741FC08B144
:10741000FAF706FD0348FEF7DBFA0DB000BD0000E9
:1074200000040040500E002000B58DB000200990EF
:107430000A900B900C90079008901C216846F9F771
:1074400040F9204820490860A720486000211E48D4
:1074500081604FF6FF71C160002101618161FEF71B
:1074600074F908B1FAF7DCFC4FF48050099009A9CF
:107470001548FEF728FA08B1FAF7D2FC1248FEF7D1
:107480008BFC08B1FAF7CCFC00200790089007A904
:107490000D48FEF730F908B1FAF7C2FC6020009001
:1074A0000020019002900490082269460648FEF7E9
:1074B000EFFB08B1FAF7B4FC0348FEF789FA0DB008
:1074C00000BD000000080040900E002000B58DB007
:1074D000002009900A900B900C90079008901C21B6
:1074E0006846F9F7EEF82848284908600020486007
:1074F0000021264881604FF6FF71C16000210161C3
:107500008161FEF722F908B1FAF78AFC4FF4805046
:10751000099009A91D48FEF7D6F908B1FAF780FCD1
:107520001A48FEF739FC08B1FAF77AFC00200790F8
:10753000089007A91548FEF7DEF808B1FAF770FCC5
:107540006020009000200190029004900022694683
:107550000E48FEF79DFB08B1FAF762FC042269466B
:107560000A48FEF795FB08B1FAF75AFC082269466B
:107570000648FEF78DFB08B1FAF752FC0348FEF708
:1075800027FA0DB000BD0000000C0040D00E002016
:1075900000B595B0002011901290139014900F90A8
:1075A00010901C2108A8F9F78CF820216846F9F7FB
:1075B00088F8304830490860A720486000212E48EC
:1075C000816044F61F61C1600021016141618161F8
:1075D000FEF7BBF808B1FAF723FC4FF48050119086
:1075E00011A92548FEF76FF908B1FAF719FC2248EE
:1075F000FEF7D2FB08B1FAF713FC00200F901090B1
:107600000FA91D48FEF777F808B1FAF709FC6020CA
:1076100008904FF47A70099000200A900B900C901B
:107620000D900E90002208A91348FEF731FB08B117
:10763000FAF7F6FB042208A90F48FEF729FB08B168
:10764000FAF7EEFB00200090019002900390049066
:107650004FF4005005900020079069460648FEF759
:1076600010F808B1FAF7DCFB0348FEF7B1F915B0E2
:1076700000BD000000040140100F002010B50D48AF
:107680000D4908604FF4E130486000210A488160EC
:10769000C16001610C21416100218161C161FEF77E
:1076A000CDFB08B1FAF7BCFB012204490248FEF702
:1076B000A5FD10BD00100140900F002049000020E2
:1076C00010B50B480B4908600B4848600021094879
:1076D0008160C1604FF4806101610C214161002132
:1076E0008161C161FEF7AAFB08B1FAF799FB10BDF1
:1076F00000480040D00F0020A086010010B50B48C4
:107700000B4908604FF4E13048600021084881606F
:10771000C16001610C21416100218161C161FEF7FD
:107720008DFB08B1FAF77CFB10BD0000001401408E
:107730001010002000BFFEE77047000010B5084899
:107740000088401C0649088008460088642805DD3A
:10775000044806F025F900200149088010BD00000A
:10776000480300200058004010B50248FCF71DFDFA
:1077700010BD0000301200202DE9F04705460C46F0
:107780002F683E46D7F8408006F5306000EB441085
:10779000D0F80890286901280FD1184880451BD9D6
:1077A00009F40040B0F5004F16D14FF4004106F542
:1077B000306000EB441081600EE0114880450BD131
:1077C00009F40040B0F5004F06D14FF4004106F532
:1077D000306000EB441081602846FCF7D8FF074872
:1077E000804508D92869012805D105F57172012164
:1077F000286804F01BFD0020BDE8F0870A30544FD4
:107800000A31544F2DE9F04705460C46D5F8008063
:107810004646D8F8409006F5306000EB4410876883
:10782000286901287ED107F0080008281ED1534896
:1078300081450BD907F40040B0F5004F06D14FF455
:10784000004106F5306000EB441081602846FCF7EB
:107850009EFF05F571720121286804F0E7FC0821FC
:1078600006F5306000EB4410816083E007F02000F3
:10787000202806D1202106F5306000EB44108160FD
:1078800078E007F02800002874D13C4881450CD9E5
:1078900007F40040B0F5004F07D14FF4004106F562
:1078A000306000EB4410816064E0C4EBC40105F576
:1078B000FE7000EB8100816806F5306000EB44103B
:1078C0000069C0F31200091AC4EBC40205F5FE708A
:1078D00000EB82008161C4EBC40105F5FE7000EB92
:1078E0008100C4EBC402C16805F5FE7000EB8200A4
:1078F00080680144C4EBC40205F5FE7000EB820011
:10790000C160E1B22846FCF717FBFCB9C4EBC40127
:1079100005F5FE7000EB81004069B8B905F571729C
:10792000012100E003E0286804F080FC22E0144814
:1079300081451BD107F40040B0F5004F07D14FF44B
:10794000004106F5306000EB4410816012E007F062
:107950002000202805D1202106F5306000EB4410DE
:107960008160E1B22846FCF7E7FA03E0E1B228467D
:10797000FCF7E2FA0020BDE8F08700000A30544F1F
:107980000A31544F2DE9F84F07460E46D7F80090BC
:10799000C846C6EBC60107F13C0000EB8104D4E900
:1079A0000510884202D90120BDE8F88FD4E905010D
:1079B000451AA068A84200D2A568E81C4FEA900AC0
:1079C00017E0D4E90501451AA068A84200D2A568CD
:1079D000E81C4FEA900A387CABB2F2B200904846FD
:1079E000E16804F09BFFE0682844E060A069284457
:1079F000A06108F5106000EB4610806980B2504528
:107A000006D3D4E90510884202D260690028D8D193
:107A1000D4E9050188420ED806F00F01012000FAD2
:107A200001FB40F6340050F8080020EA0B0040F655
:107A3000340141F808000020B6E70000B0EE401A1B
:107A400010B99FED790A704790ED100A80ED110A88
:107A500090ED0F0A80ED100AC0ED060A80ED071ABE
:107A600030EEC10A80ED0F0A0178002975D190ED42
:107A7000010AD0ED0F1A20EE210A80ED090A90EDDF
:107A80000A0AD0ED021A90ED0F2A01EE820A80ED6B
:107A90000A0A90ED0D0A80ED0E0A90ED0C0A80EDB9
:107AA0000D0A90ED0F0AD0ED101A30EE610A80ED4C
:107AB0000C0A90ED030AD0ED0C1A20EE210A80ED9D
:107AC0000B0A90ED0A0AD0ED051AB4EEE10AF1EEC8
:107AD00010FA04DD90ED050A80ED0A0A10E090ED41
:107AE0000A0AD0ED051AF1EE611AB4EEE10AF1EEE0
:107AF00010FA05D290ED050AB1EE400A80ED0A0AAF
:107B000090ED090AD0ED0A1A30EE210AD0ED0B1AD9
:107B100030EE210A80ED080A90ED080AD0ED041A33
:107B2000B4EEE10AF1EE10FA04DD90ED040A80ED06
:107B3000080A76E090ED080AD0ED041AF1EE611A19
:107B4000B4EEE10AF1EE10FA6BD290ED040AB1EE58
:107B5000400A80ED080A64E0FFE70178012960D15E
:107B600090ED0F0AD0ED101A30EE610AD0ED011A37
:107B700020EE210A80ED090A90ED020AD0ED0F1ADD
:107B800020EE210A80ED0A0A90ED0D0A80ED0E0A22
:107B900090ED0C0A80ED0D0A90ED0F0AD0ED101A51
:107BA000B0EE002A02EE610AD0ED111A30EE210A81
:107BB00080ED0C0A90ED030AD0ED0C1A20EE210A9C
:107BC00080ED0B0A90ED090AD0ED0A1A30EE210A79
:107BD000D0ED0B1A30EE210AD0ED081A30EE210A52
:107BE00080ED080A90ED080AD0ED041AB4EEE10A1F
:107BF000F1EE10FA04DD90ED040A80ED080A10E0C1
:107C000090ED080AD0ED041AF1EE611AB4EEE10A23
:107C1000F1EE10FA05D290ED040AB1EE400A80EDC3
:107C2000080A90ED080A0EE70000000000B970474E
:107C30009FED100A80ED110A80ED100A80ED0F0A09
:107C40009FED0C0A80ED0E0A80ED0D0A80ED0C0A06
:107C50009FED080A80ED0B0A80ED0A0A80ED090A03
:107C600080ED080A9FED030A80ED060A80ED070A01
:107C700000BFDCE70000000000B102B970470170EE
:107C800092ED001A80ED011A92ED011A80ED021AB0
:107C900092ED021A80ED031A80ED040AC0ED050A88
:107CA0009FED0C1A80ED0E1A80ED0D1A80ED0C1A66
:107CB0009FED081A80ED081A80ED0B1A80ED0A1A64
:107CC00080ED091A80ED111A80ED101A80ED0F1A5F
:107CD00000BFD3E70000000010B5234B1B685B69B1
:107CE00043F04003204C246863611F4B1B68DB6832
:107CF00043F010031C4C2468E3601C4B1B681B689A
:107D000023F00103194C2468236007E0174B1B681C
:107D10001B6823F00103154C24682360134B1B6878
:107D20001B6803F00103002BF0D1114B0F4C2468AA
:107D3000A3600E4B1B68D8600C4B1B6819610B4B82
:107D40001B685A60094B1B681B6843F48023074C6F
:107D500024682360054B1B681B6843F00103034C38
:107D60002468236010BD0000D00F002010110020F7
:107D70000448004011490968C96821F400510F4ABC
:107D80001268D1600E490968096821F001010C4AA6
:107D9000126811600A490968486009490968096858
:107DA00041F00101064A1268116004490968C96876
:107DB00041F40051014A1268D1607047D00F002091
:107DC0001011002004480068C06820F400500249E7
:107DD0000968C86070470000D00F002070B50446E5
:107DE00000252068C06800F04000A0B9681E216826
:107DF000C860FBF79BFB054607E0FBF797FB401BC2
:107E0000B0F57A7F01D9032070BD2068C06800F00A
:107E100040000028F1D00020F6E7000010B5FB4B31
:107E20001B681B6823F00103F84C24682360F84B9F
:107E30001B681B6823F00103F54C2468236007E0EE
:107E4000F24B1B681B6823F00103F04C246823608D
:107E5000EE4B1B681B6803F00103002BF0D107E019
:107E6000EB4B1B681B6823F00103E94C246823607B
:107E7000E74B1B681B6803F00103002BF0D1E54BB7
:107E8000DB6C1B68E44CA34275D9E24BDB6C1B68CE
:107E9000E24CA34201D1202368E0DE4BDB6C1B687F
:107EA000DD4C483CA34201D120235FE0D94BDB6C81
:107EB0001B68DA4C6034A34201D1202356E0D54B35
:107EC000DB6C1B68D44C1834A34201D120234DE055
:107ED000D04BDB6C1B68D14C1834A34201D1DB14AE
:107EE00044E0CC4BDB6C1B68CB4C303CA34201D153
:107EF000DB143BE0C74BDB6C1B68C84C7834A342F7
:107F000001D1DB1432E0C34BDB6C1B68C24C303454
:107F1000A34201D1DB1429E0BE4BDB6C1B68BF4CD4
:107F20003034A34202D14FF400131FE0B94BDB6C95
:107F30001B68B94C183CA34202D14FF4001315E062
:107F4000B44BDB6C1B68B54C9034A34202D14FF4A8
:107F500000130BE0AF4BDB6C1B68AF4C4834A34203
:107F600002D14FF4001301E04FF00063AA4C4C3CE7
:107F7000236076E1FFE7A74BDB6C1B68A74CA834B6
:107F8000A34275D9A34BDB6C1B68A44CA34201D15F
:107F9000202369E09F4BDB6C1B689F4C483CA3424D
:107FA00001D1202360E09B4BDB6C1B689B4C603451
:107FB000A34201D1202357E0964BDB6C1B68964C03
:107FC0001834A34201D120234EE0924BDB6C1B6896
:107FD000924C1834A34201D1DB1445E08D4BDB6C8D
:107FE0001B688D4C303CA34201D1DB143CE0894B33
:107FF000DB6C1B68894C7834A34201D1DB1433E07D
:10800000844BDB6C1B68844C3034A34201D1DB14FD
:108010002AE0804BDB6C1B68804C3034A34202D1D9
:108020004FF4001320E07B4BDB6C1B687A4C183C50
:10803000A34202D14FF4001316E0764BDB6C1B68B1
:10804000764C9034A34202D14FF400130CE0714BF4
:10805000DB6C1B68704C4834A34203D14FF400130F
:1080600002E005E04FF000636B4C503C2360F8E009
:10807000684BDB6C1B68694C4834A34275D9654B6F
:10808000DB6C1B68654CA34201D1202368E0614B87
:10809000DB6C1B68604C483CA34201D120235FE0AD
:1080A0005C4BDB6C1B685D4C6034A34201D1202328
:1080B00056E0584BDB6C1B68574C1834A34201D177
:1080C00020234DE0534BDB6C1B68544C1834A34207
:1080D00001D1DB1444E04F4BDB6C1B684E4C303C51
:1080E000A34201D1DB143BE04A4BDB6C1B684B4CD9
:1080F0007834A34201D1DB1432E0464BDB6C1B68C1
:10810000454C3034A34201D1DB1429E0414BDB6CF8
:108110001B68424C3034A34202D14FF400131FE0DD
:108120003C4BDB6C1B683C4C183CA34202D14FF427
:10813000001315E0374BDB6C1B68384C9034A342BE
:1081400002D14FF400130BE0324BDB6C1B68324C56
:108150004834A34202D14FF4001301E04FF0006312
:108160002E4C103CE3607CE0FFE72A4BDB6C1B6885
:108170002A4CA34201D1202370E0264BDB6C1B6804
:10818000254C483CA34201D1202367E0214BDB6C06
:108190001B68224C6034A34201D120235EE01D4BBA
:1081A000DB6C1B681C4C1834A34201D1202355E022
:1081B000184BDB6C1B68194C1834A34201D1DB143B
:1081C0004CE0144BDB6C1B68134C303CA34201D1D8
:1081D000DB1443E00F4BDB6C1B68104C7834A3427C
:1081E00001D1DB143AE00B4BDB6C1B680A4C3034DA
:1081F000A34201D1DB1431E0064BDB6C1B68074C5A
:108200003034A3420CD14FF4001327E0500D00206E
:10821000B00D0020A00C0020586402401060024005
:10822000F74BDB6C1B68F74CA34202D14FF40013F1
:1082300014E0F34BDB6C1B68F34CA34202D14FF408
:1082400000130BE0EE4BDB6C1B68EE4C6034A3427A
:1082500002D14FF4001301E04FF00063EA4CA03C60
:10826000A360E74BDB6C1B68E64C1834A34274D95F
:10827000E34BDB6C1B68E44C903CA34201D1102320
:1082800066E0DF4BDB6C1B68DE4C303CA34201D167
:1082900010235DE0DA4BDB6C1B68DB4C303CA34207
:1082A00001D1102354E0D64BDB6C1B68D54C303425
:1082B000A34201D110234BE0D14BDB6C1B68D24CA5
:1082C000783CA34201D11B1542E0CD4BDB6C1B680F
:1082D000CC4C183CA34201D11B1539E0C84BDB6CD8
:1082E0001B68C94C183CA34201D11B1530E0C44B9C
:1082F000DB6C1B68C34C4834A34201D11B1527E03B
:10830000BF4BDB6C1B68C04C603CA34202D14FF4F6
:1083100080131DE0BA4BDB6C1B68BA4CA34202D140
:108320004FF4801314E0B64BDB6C1B68B64CA342D1
:1083300002D14FF480130BE0B14BDB6C1B68B14CE6
:108340006034A34202D14FF4801301E04FF0806308
:10835000AC4C343C236070E1FFE7A94BDB6C1B683D
:10836000A94C1834A34274D9A54BDB6C1B68A64CEE
:10837000903CA34201D1102366E0A14BDB6C1B684B
:10838000A04C303CA34201D110235DE09C4BDB6C40
:108390001B689D4C303CA34201D1102354E0984B04
:1083A000DB6C1B68974C3034A34201D110234BE0A7
:1083B000934BDB6C1B68944C783CA34201D11B159A
:1083C00042E08F4BDB6C1B688E4C183CA34201D102
:1083D0001B1539E08A4BDB6C1B688B4C183CA342A5
:1083E00001D11B1530E0864BDB6C1B68854C483493
:1083F000A34201D11B1527E0814BDB6C1B68824C2B
:10840000603CA34202D14FF480131DE07C4BDB6C37
:108410001B687C4CA34202D14FF4801314E0784BCC
:10842000DB6C1B68784CA34202D14FF480130BE045
:10843000734BDB6C1B68734C6034A34202D14FF466
:10844000801301E04FF080636E4C383C2360F4E011
:10845000FFE76B4BDB6C1B686B4C483CA34274D949
:10846000674BDB6C1B68684C903CA34201D1102326
:1084700066E0634BDB6C1B68624C303CA34201D16D
:1084800010235DE05E4BDB6C1B685F4C303CA3420D
:1084900001D1102354E05A4BDB6C1B68594C30342B
:1084A000A34201D110234BE0554BDB6C1B68564CAB
:1084B000783CA34201D11B1542E0514BDB6C1B6899
:1084C000504C183CA34201D11B1539E04C4BDB6CDE
:1084D0001B684D4C183CA34201D11B1530E0484BA2
:1084E000DB6C1B68474C4834A34201D11B1527E0C5
:1084F000434BDB6C1B68444C603CA34202D14FF4FD
:1085000080131DE03E4BDB6C1B683E4CA34202D146
:108510004FF4801314E03A4BDB6C1B683A4CA342D7
:1085200002D14FF480130BE0354BDB6C1B68354CEC
:108530006034A34202D14FF4801301E04FF0806316
:10854000314CA03CE36078E0FFE72D4BDB6C1B680F
:108550002D4C903CA34201D110236BE0284BDB6CE7
:108560001B68284C303CA34201D1102362E0244B0D
:10857000DB6C1B68244C303CA34201D1102359E032
:108580001F4BDB6C1B681F4C3034A34201D11023FE
:1085900050E01B4BDB6C1B681B4C783CA34201D1A9
:1085A0001B1547E0164BDB6C1B68164C183CA342AE
:1085B00001D11B153EE0124BDB6C1B68124C183CC2
:1085C000A34201D11B1535E00D4BDB6C1B680D4C34
:1085D0004834A34201D11B152CE0094BDB6C1B680E
:1085E000094C603CA34202D14FF4801322E0044BBB
:1085F000DB6C1B68034CA34208D14FF4801319E0D5
:10860000A00C002040640240A0600240F74BDB6CED
:108610001B68F74CA34202D14FF480130AE0F34BDE
:10862000DB6C1B68F34CA34202D14FF4801301E0D2
:108630004FF08063EE4CA03CA360EC4BDB6C1B68FE
:10864000EC4C483CA34274D9E84BDB6C1B68E84C0B
:10865000903CA34201D1082366E0E44BDB6C1B682D
:10866000E44C903CA34201D108235DE0DF4BDB6C7E
:108670001B68DF4C303CA34201D1082354E0DB4BA4
:10868000DB6C1B68DB4C303CA34201D108234BE080
:10869000D64BDB6C1B68D64C783CA34201D15B15F2
:1086A00042E0D24BDB6C1B68D24C783CA34201D138
:1086B0005B1539E0CD4BDB6C1B68CD4C183CA342FD
:1086C00001D15B1530E0C94BDB6C1B68C94C183C11
:1086D000A34201D15B1527E0C44BDB6C1B68C44C83
:1086E000603CA34202D14FF400231DE0BF4BDB6C82
:1086F0001B68C04C603CA34202D14FF4002313E03E
:10870000BA4BDB6C1B68BA4CA34202D14FF4002376
:108710000AE0B64BDB6C1B68B64CA34202D14FF4A7
:10872000002301E04FF00073B24C943C236070E1F1
:10873000FFE7AE4BDB6C1B68AD4C1834A34274D919
:10874000AA4BDB6C1B68AA4C903CA34201D10823C6
:1087500066E0A64BDB6C1B68A64C903CA34201D1A3
:1087600008235DE0A14BDB6C1B68A14C303CA342AD
:1087700001D1082354E09D4BDB6C1B689D4C303CC1
:10878000A34201D108234BE0984BDB6C1B68984C4B
:10879000783CA34201D15B1542E0944BDB6C1B6833
:1087A000944C783CA34201D15B1539E08F4BDB6CD4
:1087B0001B688F4C183CA34201D15B1530E08B4BFA
:1087C000DB6C1B688B4C183CA34201D15B1527E086
:1087D000864BDB6C1B68864C603CA34202D14FF495
:1087E00000231DE0814BDB6C1B68824C603CA34284
:1087F00002D14FF4002313E07C4BDB6C1B687C4CF4
:10880000A34202D14FF400230AE0784BDB6C1B68D3
:10881000784CA34202D14FF4002301E04FF00073E3
:10882000744C983C2360F4E0FFE7704BDB6C1B68F2
:108830006F4C483CA34274D96C4BDB6C1B686C4C8E
:10884000903CA34201D1082366E0684BDB6C1B68B7
:10885000684C903CA34201D108235DE0634BDB6C84
:108860001B68634C303CA34201D1082354E05F4BAA
:10887000DB6C1B685F4C303CA34201D108234BE00A
:108880005A4BDB6C1B685A4C783CA34201D15B15F8
:1088900042E0564BDB6C1B68564C783CA34201D13E
:1088A0005B1539E0514BDB6C1B68514C183CA34203
:1088B00001D15B1530E04D4BDB6C1B684D4C183C17
:1088C000A34201D15B1527E0484BDB6C1B68484C89
:1088D000603CA34202D14FF400231DE0434BDB6C0C
:1088E0001B68444C603CA34202D14FF4002313E0C8
:1088F0003E4BDB6C1B683E4CA34202D14FF400237D
:108900000AE03A4BDB6C1B683A4CA34202D14FF4AD
:10891000002301E04FF00073354CA03CE36078E0A9
:10892000FFE7324BDB6C1B68314C903CA34201D11A
:1089300008236CE02D4BDB6C1B682E4C903CA34253
:1089400001D1082363E0294BDB6C1B68284C303CC9
:10895000A34201D108235AE0244BDB6C1B68254C51
:10896000303CA34201D1082351E0204BDB6C1B6853
:108970001F4C783CA34201D15B1548E01B4BDB6CDC
:108980001B681C4C783CA34201D15B153FE0174BA0
:10899000DB6C1B68164C183CA34201D15B1536E01A
:1089A000124BDB6C1B68134C183CA34201D15B15C6
:1089B0002DE00E4BDB6C1B680D4C603CA34202D1DA
:1089C0004FF4002323E0094BDB6C1B68094C603C2F
:1089D000A34202D14FF4002319E0044BDB6C1B6867
:1089E000034CA34208D14FF4002310E0A00C002058
:1089F000A0600240A0640240F84BDB6C1B68F84C9E
:108A0000A34202D14FF4002301E04FF00073F54C74
:108A1000A360F24BDB6C1B68F14C483CA34275D958
:108A2000EE4BDB6C1B68EF4C1034A34201D10423E6
:108A300068E0EA4BDB6C1B68E94C903CA34201D137
:108A400004235FE0E54BDB6C1B68E64C7034A3420B
:108A500001D1042356E0E14BDB6C1B68E04C303C59
:108A6000A34201D104234DE0DC4BDB6C1B68DD4CE1
:108A70002834A34201D19B1544E0D84BDB6C1B6822
:108A8000D74C783CA34201D19B153BE0D34BDB6C28
:108A90001B68D44C8834A34201D19B1532E0CF4BE4
:108AA000DB6C1B68CE4C183CA34201D19B1529E01E
:108AB000CA4BDB6C1B68CB4C4034A34202D14FF451
:108AC00080231FE0C54BDB6C1B68C54C603CA34298
:108AD00002D14FF4802315E0C04BDB6C1B68C14C06
:108AE000A034A34202D14FF480230BE0BB4BDB6CDC
:108AF0001B68BB4CA34203D14FF4802302E005E086
:108B00004FF08073B64C943C236071E1B34BDB6C47
:108B10001B68B44CB834A34275D9B04BDB6C1B68EE
:108B2000B04C1034A34201D1042367E0AB4BDB6CA3
:108B30001B68AB4C903CA34201D104235EE0A74BE1
:108B4000DB6C1B68A74C7034A34201D1042355E0B1
:108B5000A24BDB6C1B68A24C303CA34201D1042326
:108B60004CE09E4BDB6C1B689E4C2834A34201D129
:108B70009B1543E0994BDB6C1B68994C783CA342F6
:108B800001D19B153AE0954BDB6C1B68954C883402
:108B9000A34201D19B1531E0904BDB6C1B68904CDC
:108BA000183CA34201D19B1528E08C4BDB6C1B6861
:108BB0008C4C4034A34202D14FF480231EE0874BFB
:108BC000DB6C1B68864C603CA34202D14FF48023CF
:108BD00014E0824BDB6C1B68824CA034A34202D1B0
:108BE0004FF480230AE07D4BDB6C1B687C4CA34276
:108BF00002D14FF4802301E04FF08073784C983C11
:108C00002360F5E0FFE7754BDB6C1B68754C58344F
:108C1000A34274D9714BDB6C1B68724C1034A342B5
:108C200001D1042368E06D4BDB6C1B686C4C903CFD
:108C3000A34201D104235FE0684BDB6C1B68694CE5
:108C40007034A34201D1042356E0644BDB6C1B68F3
:108C5000634C303CA34201D104234DE05F4BDB6CFD
:108C60001B68604C2834A34201D19B1544E05B4B48
:108C7000DB6C1B685A4C783CA34201D19B153BE04E
:108C8000564BDB6C1B68574C8834A34201D19B15B3
:108C900032E0524BDB6C1B68514C183CA34201D1B3
:108CA0009B1529E04D4BDB6C1B684E4C4034A342B6
:108CB00002D14FF480231FE0484BDB6C1B68484C0B
:108CC000603CA34202D14FF4802315E0434BDB6CA0
:108CD0001B68444CA034A34202D14FF480230BE024
:108CE0003E4BDB6C1B683E4CA34203D14FF4802308
:108CF00002E004E04FF080733A4CE36078E0374BD9
:108D0000DB6C1B68374C1034A34201D104236DE0A7
:108D1000324BDB6C1B68324C903CA34201D10423E4
:108D200064E02E4BDB6C1B682E4C7034A34201D1E7
:108D300004235BE0294BDB6C1B68294C303CA342CD
:108D400001D1042352E0254BDB6C1B68254C2834F1
:108D5000A34201D19B1549E0204BDB6C1B68204CE2
:108D6000783CA34201D19B1540E01C4BDB6C1B6897
:108D70001C4C8834A34201D19B1537E0174BDB6CA8
:108D80001B68174C183CA34201D19B152EE0134BD6
:108D9000DB6C1B68134C4034A34202D14FF4802398
:108DA00024E00E4BDB6C1B680D4C603CA34202D1EF
:108DB0004FF480231AE0094BDB6C1B68094CA0348C
:108DC000A34202D14FF4802310E0044BDB6C1B68FC
:108DD000034CA34208D14FF4802307E0A00C0020ED
:108DE000A0640240006002404FF08073FE4CA3601C
:108DF000FE4BDB6C1B68FE4CA34276D9FB4BDB6C55
:108E00001B68F94C1034A34201D1012369E0F74BF0
:108E1000DB6C1B68F64C483CA34201D1012360E0A7
:108E2000F24BDB6C1B68F04C7034A34201D1012380
:108E300057E0EE4BDB6C1B68ED4C1834A34201D1BC
:108E400001234EE0E94BDB6C1B68E74C2834A3425E
:108E500001D1402345E0E54BDB6C1B68E44C303C22
:108E6000A34201D140233CE0E04BDB6C1B68DE4CAD
:108E70008834A34201D1402333E0DC4BDB6C1B6818
:108E8000DB4C3034A34201D140232AE0D74BDB6CCA
:108E90001B68D54C4034A34202D14FF4803320E00C
:108EA000D24BDB6C1B68D24C183CA34202D14FF46E
:108EB000803316E0CD4BDB6C1B68CB4CA034A34257
:108EC00002D14FF480330CE0C84BDB6C1B68C84CFC
:108ED0004834A34203D14FF4803302E005E04FF45D
:108EE0008003C34C4C3C23606EE1C04BDB6C1B68C1
:108EF000BD4CB834A34276D9BC4BDB6C1B68BA4C72
:108F00001034A34201D1012369E0B84BDB6C1B682C
:108F1000B74C483CA34201D1012360E0B34BDB6C6A
:108F20001B68B14C7034A34201D1012357E0AF4B11
:108F3000DB6C1B68AE4C1834A34201D101234EE018
:108F4000AA4BDB6C1B68A84C2834A34201D14023F8
:108F500045E0A64BDB6C1B68A54C303CA34201D11D
:108F600040233CE0A14BDB6C1B689F4C8834A34240
:108F700001D1402333E09D4BDB6C1B689C4C3034AB
:108F8000A34201D140232AE0984BDB6C1B68964C2E
:108F90004034A34202D14FF4803320E0934BDB6C8A
:108FA0001B68934C183CA34202D14FF4803316E067
:108FB0008E4BDB6C1B688C4CA034A34202D14FF467
:108FC00080330CE0894BDB6C1B68894C4834A3422E
:108FD00003D14FF4803302E005E04FF48003844C6A
:108FE000503C2360F0E0814BDB6C1B687E4C5834B6
:108FF000A34275D97D4BDB6C1B687B4C1034A342BC
:1090000001D1012369E0794BDB6C1B68784C483C4B
:10901000A34201D1012360E0744BDB6C1B68724CEE
:109020007034A34201D1012357E0704BDB6C1B6805
:109030006F4C1834A34201D101234EE06B4BDB6C23
:109040001B68694C2834A34201D1402345E0674B9B
:10905000DB6C1B68664C303CA34201D140233CE0F2
:10906000624BDB6C1B68604C8834A34201D1402307
:1090700033E05E4BDB6C1B685D4C3034A34201D1A6
:1090800040232AE0594BDB6C1B68574C4034A34209
:1090900002D14FF4803320E0544BDB6C1B68544CFE
:1090A000183CA34202D14FF4803316E04F4BDB6CE7
:1090B0001B684D4CA034A34202D14FF480330CE026
:1090C0004A4BDB6C1B684A4C4834A34203D14FF433
:1090D000803302E004E04FF48003434CE36073E02C
:1090E000424BDB6C1B68404C1034A34201D101237E
:1090F00068E03E4BDB6C1B683D4C483CA34201D111
:1091000001235FE0394BDB6C1B68374C7034A342A2
:1091100001D1012356E0354BDB6C1B68344C18340D
:10912000A34201D101234DE0304BDB6C1B682E4C78
:109130002834A34201D1402344E02C4BDB6C1B6854
:109140002B4C303CA34201D140233BE0274BDB6C4E
:109150001B68254C8834A34201D1402332E0234BC5
:10916000DB6C1B68224C3034A34201D1402329E040
:109170001E4BDB6C1B681C4C4034A34202D14FF4E5
:1091800080331FE0194BDB6C1B68194C183CA34261
:1091900002D14FF4803315E0144BDB6C1B68124C8A
:1091A000A034A34202D14FF480330BE00F4BDB6CB1
:1091B0001B680F4C4834A34202D14FF4803301E0C6
:1091C0004FF48003084CA360084B9B6C1B68084C51
:1091D000A3427BD9054B9B6C1B68034C1034A34204
:1091E00008D120236EE0000000600240A00C0020A7
:1091F00058640240F74B9B6C1B68F74CA34201D1AB
:1092000020235FE0F34B9B6C1B68F44CA34201D11D
:10921000202357E0EF4B9B6C1B68EF4C6034A3425C
:1092200001D120234EE0EB4B9B6C1B68EB4C483C80
:10923000A34201D1DB1445E0E64B9B6C1B68E64C76
:109240001834A34201D1DB143CE0E24B9B6C1B6859
:10925000E24C1834A34201D1DB1433E0DD4B9B6CAC
:109260001B68DD4C7834A34201D1DB142AE0D94BD2
:109270009B6C1B68D94C303CA34202D14FF40013C5
:1092800020E0D44B9B6C1B68D34C3034A34202D1FA
:109290004FF4001316E0CF4B9B6C1B68CF4C30345F
:1092A000A34202D14FF400130CE0CA4B9B6C1B6825
:1092B000C94C9034A34203D14FF4001302E005E0FF
:1092C0004FF00063C44C241F23606AE1C14B9B6CC8
:1092D0001B68C24C4834A34274D9BE4B9B6C1B68BC
:1092E000BE4C603CA34201D1202366E0B94B9B6C8D
:1092F0001B68B94CA34201D120235EE0B54B9B6CA7
:109300001B68B64CA34201D1202356E0B14B9B6CA5
:109310001B68B14C6034A34201D120234DE0AD4B1A
:109320009B6C1B68AD4C483CA34201D1DB1444E06C
:10933000A84B9B6C1B68A84C1834A34201D1DB14CA
:109340003BE0A44B9B6C1B68A44C1834A34201D196
:10935000DB1432E09F4B9B6C1B689F4C7834A3421C
:1093600001D1DB1429E09B4B9B6C1B689B4C303C70
:10937000A34202D14FF400131FE0964B9B6C1B6875
:10938000954C3034A34202D14FF4001315E0914BB9
:109390009B6C1B68914C3034A34202D14FF40013F4
:1093A0000BE08C4B9B6C1B688B4C9034A34202D11E
:1093B0004FF4001301E04FF00063874C083C23603A
:1093C000EFE0FFE7834B9B6C1B68844C183CA34287
:1093D00074D9804B9B6C1B68804C603CA34201D1CC
:1093E000202366E07B4B9B6C1B687B4CA34201D126
:1093F00020235EE0774B9B6C1B68784CA34201D125
:10940000202356E0734B9B6C1B68734C6034A34263
:1094100001D120234DE06F4B9B6C1B686F4C483C87
:10942000A34201D1DB1444E06A4B9B6C1B686A4C7D
:109430001834A34201D1DB143BE0664B9B6C1B68E4
:10944000664C1834A34201D1DB1432E0614B9B6CB3
:109450001B68614C7834A34201D1DB1429E05D4BD9
:109460009B6C1B685D4C303CA34202D14FF400134F
:109470001FE0584B9B6C1B68574C3034A34202D101
:109480004FF4001315E0534B9B6C1B68534C303466
:10949000A34202D14FF400130BE04E4B9B6C1B68B0
:1094A0004D4C9034A34202D14FF4001301E04FF031
:1094B00000634A4C703CE36073E0FFE7454B9B6CF4
:1094C0001B68464C603CA34201D1202366E0414B1F
:1094D0009B6C1B68404CA34201D120235EE03D4BB6
:1094E0009B6C1B683D4CA34201D1202356E0394BB5
:1094F0009B6C1B68384C6034A34201D120234DE0A3
:10950000344B9B6C1B68354C483CA34201D1DB14A7
:1095100044E0304B9B6C1B682F4C1834A34201D1A4
:10952000DB143BE02B4B9B6C1B682C4C1834A34288
:1095300001D1DB1432E0274B9B6C1B68264C78343E
:10954000A34201D1DB1429E0224B9B6C1B68234C06
:10955000303CA34202D14FF400131FE01D4B9B6C23
:109560001B681D4C3034A34202D14FF4001315E0A8
:10957000184B9B6C1B68194C3034A34202D14FF43A
:1095800000130BE0134B9B6C1B68134C9034A342ED
:1095900002D14FF4001301E04FF000630F4C703C18
:1095A000A3600C4B9B6C1B680B4C4834A3427AD9CC
:1095B000084B9B6C1B68094C603CA34201D11023F3
:1095C0006DE0044B9B6C1B68034CA34208D1102335
:1095D00065E00000A00C00201064024070600240B2
:1095E000F74B9B6C1B68F74CA34201D1102356E04C
:1095F000F34B9B6C1B68F44CA34201D110234EE04B
:10960000EF4B9B6C1B68EF4C483CA34201D11B15F0
:1096100045E0EB4B9B6C1B68EB4C483CA34201D1F3
:109620001B153CE0E64B9B6C1B68E64C1834A342D0
:1096300001D11B1533E0E24B9B6C1B68E24C1834E4
:10964000A34201D11B152AE0DD4B9B6C1B68DD4C4E
:10965000303CA34202D14FF4801320E0D84B9B6CE6
:109660001B68D94C303CA34202D14FF4801316E062
:10967000D34B9B6C1B68D34C3034A34202D14FF4C4
:1096800080130CE0CE4B9B6C1B68CF4C3034A34254
:1096900003D14FF4801302E005E04FF08063CA4C21
:1096A000643C23606AE1C64B9B6C1B68C54C483424
:1096B000A34274D9C24B9B6C1B68C24C603CA34252
:1096C00001D1102366E0BE4B9B6C1B68BE4C603C16
:1096D000A34201D110235DE0B94B9B6C1B68B94CD0
:1096E000A34201D1102355E0B54B9B6C1B68B64CCF
:1096F000A34201D110234DE0B14B9B6C1B68B14CD0
:10970000483CA34201D11B1544E0AD4B9B6C1B6848
:10971000AD4C483CA34201D11B153BE0A84B9B6CD0
:109720001B68A84C1834A34201D11B1532E0A44B8E
:109730009B6C1B68A44C1834A34201D11B1529E073
:109740009F4B9B6C1B689F4C303CA34202D14FF453
:1097500080131FE09A4B9B6C1B689B4C303CA342D0
:1097600002D14FF4801315E0954B9B6C1B68954C10
:109770003034A34202D14FF480130BE0904B9B6C2A
:109780001B68914C3034A34202D14FF4801301E0A6
:109790004FF080638C4C683C2360EFE0FFE7884B20
:1097A0009B6C1B68874C183CA34274D9844B9B6C00
:1097B0001B68844C603CA34201D1102366E0804BBF
:1097C0009B6C1B68804C603CA34201D110235DE080
:1097D0007B4B9B6C1B687B4CA34201D1102355E053
:1097E000774B9B6C1B68784CA34201D110234DE052
:1097F000734B9B6C1B68734C483CA34201D11B15F7
:1098000044E06F4B9B6C1B686F4C483CA34201D1FA
:109810001B153BE06A4B9B6C1B686A4C1834A342D7
:1098200001D11B1532E0664B9B6C1B68664C1834EB
:10983000A34201D11B1529E0614B9B6C1B68614C55
:10984000303CA34202D14FF480131FE05C4B9B6C71
:109850001B685D4C303CA34202D14FF4801315E0ED
:10986000574B9B6C1B68574C3034A34202D14FF4CA
:1098700080130BE0524B9B6C1B68534C3034A3425B
:1098800002D14FF4801301E04FF080634D4C703CE7
:10989000E36073E0FFE74A4B9B6C1B68494C603CFC
:1098A000A34201D1102366E0454B9B6C1B68464CDC
:1098B000603CA34201D110235DE0414B9B6C1B68CF
:1098C000404CA34201D1102355E03D4B9B6C1B68DB
:1098D0003D4CA34201D110234DE0394B9B6C1B68DA
:1098E000384C483CA34201D11B1544E0344B9B6CDF
:1098F0001B68354C483CA34201D11B153BE0304B63
:109900009B6C1B682F4C1834A34201D11B1532E00D
:109910002B4B9B6C1B682C4C1834A34201D11B159C
:1099200029E0274B9B6C1B68264C303CA34202D19C
:109930004FF480131FE0224B9B6C1B68224C303C81
:10994000A34202D14FF4801315E01D4B9B6C1B68A2
:109950001C4C3034A34202D14FF480130BE0184B5F
:109960009B6C1B68184C3034A34202D14FF4801317
:1099700001E04FF08063134C703CA360104B9B6C74
:109980001B68114C183CA3427AD90D4B9B6C1B6889
:109990000C4C603CA34201D108236DE0084B9B6C4A
:1099A0001B68094C603CA34201D1082364E0044BCE
:1099B0009B6C1B68034CA34208D108235CE00000A9
:1099C000A00C00207060024070640240F74B9B6C5A
:1099D0001B68F74CA34201D108234DE0F34B9B6C6D
:1099E0001B68F44CA34201D15B1545E0EF4B9B6C27
:1099F0001B68EF4C483CA34201D15B153CE0EB4BAC
:109A00009B6C1B68EB4C6034A34201D15B1533E0C7
:109A1000E64B9B6C1B68E64C1834A34201D15B15E6
:109A20002AE0E24B9B6C1B68E24C1834A34202D143
:109A30004FF4002320E0DD4B9B6C1B68DC4C303C7A
:109A4000A34202D14FF4002316E0D84B9B6C1B6855
:109A5000D84C7834A34202D14FF400230CE0D34B0E
:109A60009B6C1B68D24C3034A34203D14FF40023CB
:109A700002E005E04FF00073CD4C643C23606AE1E6
:109A8000CA4B9B6C1B68CB4C9034A34274D9C74B18
:109A90009B6C1B68C74C183CA34201D1082366E0AD
:109AA000C24B9B6C1B68C24C603CA34201D1082393
:109AB0005DE0BE4B9B6C1B68BE4C4834A34201D199
:109AC000082354E0B94B9B6C1B68B94CA34201D1ED
:109AD00008234CE0B54B9B6C1B68B64CA34201D1EC
:109AE0005B1544E0B14B9B6C1B68B14C483CA342F6
:109AF00001D15B153BE0AD4B9B6C1B68AD4C6034FA
:109B0000A34201D15B1532E0A84B9B6C1B68A84CAB
:109B10001834A34201D15B1529E0A44B9B6C1B6850
:109B2000A44C1834A34202D14FF400231FE09F4BF2
:109B30009B6C1B689E4C303CA34202D14FF4002327
:109B400015E09A4B9B6C1B689A4C7834A34202D167
:109B50004FF400230BE0954B9B6C1B68944C303406
:109B6000A34202D14FF4002301E04FF00073904C68
:109B7000683C2360EFE0FFE78C4B9B6C1B688D4CCF
:109B80003034A34274D9894B9B6C1B68894C183CB8
:109B9000A34201D1082366E0844B9B6C1B68844C74
:109BA000603CA34201D108235DE0804B9B6C1B68A5
:109BB000804C4834A34201D1082354E07B4B9B6C7A
:109BC0001B687B4CA34201D108234CE0774B9B6C74
:109BD0001B68784CA34201D15B1544E0734B9B6C2E
:109BE0001B68734C483CA34201D15B153BE06F4BB3
:109BF0009B6C1B686F4C6034A34201D15B1532E053
:109C00006A4B9B6C1B686A4C1834A34201D15B15EC
:109C100029E0664B9B6C1B68664C1834A34202D14A
:109C20004FF400231FE0614B9B6C1B68604C303C81
:109C3000A34202D14FF4002315E05C4B9B6C1B68E0
:109C40005C4C7834A34202D14FF400230BE0574B15
:109C50009B6C1B68564C3034A34202D14FF4002356
:109C600001E04FF00073534C283CE36073E0FFE7E2
:109C70004E4B9B6C1B684F4C183CA34201D10823F0
:109C800066E04A4B9B6C1B68494C603CA34201D187
:109C900008235DE0454B9B6C1B68464C4834A3424F
:109CA00001D1082354E0414B9B6C1B68404CA342FC
:109CB00001D108234CE03D4B9B6C1B683D4CA342FB
:109CC00001D15B1544E0394B9B6C1B68384C483C18
:109CD000A34201D15B153BE0344B9B6C1B68354CB8
:109CE0006034A34201D15B1532E0304B9B6C1B68A2
:109CF0002F4C1834A34201D15B1529E02B4B9B6CF0
:109D00001B682C4C1834A34202D14FF400231FE0EF
:109D1000264B9B6C1B68264C303CA34202D14FF46F
:109D2000002315E0214B9B6C1B68224C7834A34226
:109D300002D14FF400230BE01C4B9B6C1B681C4CA6
:109D40003034A34202D14FF4002301E04FF00073FE
:109D5000184C283CA360154B9B6C1B68144C183C9A
:109D6000A3427AD9114B9B6C1B68124C183CA3423E
:109D700001D104236DE00D4B9B6C1B680C4C603CC7
:109D8000A34201D1042364E0084B9B6C1B68094C7F
:109D90004834A34201D104235BE0044B9B6C1B6855
:109DA000034CA34208D1042353E00000A00C002080
:109DB0007064024028600240F74B9B6C1B68F74CB4
:109DC000A34201D19B1544E0F34B9B6C1B68F44C00
:109DD000A34201D19B153CE0EF4B9B6C1B68EF4C01
:109DE0006034A34201D19B1533E0EB4B9B6C1B68A5
:109DF000EB4C6034A34201D19B152AE0E64B9B6CEF
:109E00001B68E64C1834A34202D14FF4802320E0B3
:109E1000E14B9B6C1B68E24C1834A34202D14FF417
:109E2000802316E0DC4B9B6C1B68DC4C7834A3422F
:109E300002D14FF480230CE0D74B9B6C1B68D84CAD
:109E40007834A34203D14FF4802302E005E04FF0C1
:109E50008073D34C1C3C23606AE1CF4B9B6C1B6826
:109E6000CE4C9034A34274D9CB4B9B6C1B68CB4C2B
:109E7000183CA34201D1042366E0C74B9B6C1B68CE
:109E8000C74C183CA34201D104235DE0C24B9B6C3C
:109E90001B68C24C4834A34201D1042354E0BE4B9A
:109EA0009B6C1B68BE4C4834A34201D104234BE099
:109EB000B94B9B6C1B68B94CA34201D19B1543E085
:109EC000B54B9B6C1B68B64CA34201D19B153BE084
:109ED000B14B9B6C1B68B14C6034A34201D19B1504
:109EE00032E0AD4B9B6C1B68AD4C6034A34201D19A
:109EF0009B1529E0A84B9B6C1B68A84C1834A34207
:109F000002D14FF480231FE0A34B9B6C1B68A44C31
:109F10001834A34202D14FF4802315E09E4B9B6C72
:109F20001B689E4C7834A34202D14FF480230BE08F
:109F3000994B9B6C1B689A4C7834A34202D14FF426
:109F4000802301E04FF08073954C203C2360EFE0CC
:109F5000FFE7914B9B6C1B68904C3034A34274D943
:109F60008D4B9B6C1B688D4C183CA34201D1042384
:109F700066E0894B9B6C1B68894C183CA34201D15D
:109F800004235DE0844B9B6C1B68844C4834A342E3
:109F900001D1042354E0804B9B6C1B68804C4834F7
:109FA000A34201D104234BE07B4B9B6C1B687B4C91
:109FB000A34201D19B1543E0774B9B6C1B68784C07
:109FC000A34201D19B153BE0734B9B6C1B68734C08
:109FD0006034A34201D19B1532E06F4B9B6C1B6830
:109FE0006F4C6034A34201D19B1529E06A4B9B6CF6
:109FF0001B686A4C1834A34202D14FF480231FE03F
:10A00000654B9B6C1B68664C1834A34202D14FF41D
:10A01000802315E0604B9B6C1B68604C7834A34236
:10A0200002D14FF480230BE05B4B9B6C1B685C4CB4
:10A030007834A34202D14FF4802301E04FF08073C3
:10A04000564C283CE36073E0FFE7534B9B6C1B6866
:10A05000524C183CA34201D1042366E04E4B9B6C4A
:10A060001B684F4C183CA34201D104235DE04A4BCE
:10A070009B6C1B68494C4834A34201D1042354E033
:10A08000454B9B6C1B68464C4834A34201D10423CA
:10A090004BE0414B9B6C1B68404CA34201D19B158C
:10A0A00043E03D4B9B6C1B683D4CA34201D19B158B
:10A0B0003BE0394B9B6C1B68384C6034A34201D1A8
:10A0C0009B1532E0344B9B6C1B68354C6034A342CB
:10A0D00001D19B1529E0304B9B6C1B682F4C183429
:10A0E000A34202D14FF480231FE02B4B9B6C1B68D3
:10A0F0002B4C1834A34202D14FF4802315E0264B99
:10A100009B6C1B68254C7834A34202D14FF480230A
:10A110000BE0214B9B6C1B68214C7834A34202D18D
:10A120004FF4802301E04FF080731C4C283CA36067
:10A13000194B9B6C1B681A4C3034A3427AD9164BCE
:10A140009B6C1B68154C183CA34201D101236DE0A8
:10A15000114B9B6C1B68124C183CA34201D101238C
:10A1600064E00D4B9B6C1B680C4C4834A34201D13E
:10A1700001235BE0084B9B6C1B68094C4834A342ED
:10A1800001D1012352E0044B9B6C1B68034CA3429A
:10A1900008D140234AE00000A00C002028600240C3
:10A1A00028640240E74B9B6C1B68E74CA34201D13B
:10A1B00040233BE0E34B9B6C1B68E44CA34201D182
:10A1C000402333E0DF4B9B6C1B68DF4C6034A342C1
:10A1D00001D140232AE0DB4B9B6C1B68DB4C483CE5
:10A1E000A34202D14FF4803320E0D64B9B6C1B6816
:10A1F000D54C1834A34202D14FF4803316E0D14B32
:10A200009B6C1B68D14C1834A34202D14FF48033AD
:10A210000CE0CC4B9B6C1B68CB4C7834A34203D135
:10A220004FF4803302E005E04FF48003C64C1C3C41
:10A2300023606AE1C34B9B6C1B68C44C3034A3425F
:10A2400074D9C04B9B6C1B68C04C783CA34201D1B5
:10A25000012366E0BB4B9B6C1B68BB4C183CA342C4
:10A2600001D101235DE0B74B9B6C1B68B74C183CD8
:10A27000A34201D1012354E0B24B9B6C1B68B24C4A
:10A280004834A34201D101234BE0AE4B9B6C1B68C9
:10A29000AE4C603CA34201D1402342E0A94B9B6CF1
:10A2A0001B68A94CA34201D140233AE0A54B9B6C0B
:10A2B0001B68A64CA34201D1402332E0A14B9B6C0A
:10A2C0001B68A14C6034A34201D1402329E09D4B7F
:10A2D0009B6C1B689D4C483CA34202D14FF48033D9
:10A2E0001FE0984B9B6C1B68974C1834A34202D11B
:10A2F0004FF4803315E0934B9B6C1B68934C1834E0
:10A30000A34202D14FF480330BE08E4B9B6C1B6851
:10A310008D4C7834A34202D14FF4803301E04FF4E6
:10A320008003894C203C2360EFE0FFE7854B9B6C6A
:10A330001B68864C303CA34274D9824B9B6C1B68D3
:10A34000824C783CA34201D1012366E07D4B9B6C9B
:10A350001B687D4C183CA34201D101235DE0794B81
:10A360009B6C1B68794C183CA34201D1012354E03B
:10A37000744B9B6C1B68744C4834A34201D101237D
:10A380004BE0704B9B6C1B68704C603CA34201D14E
:10A39000402342E06B4B9B6C1B686B4CA34201D18A
:10A3A00040233AE0674B9B6C1B68684CA34201D189
:10A3B000402332E0634B9B6C1B68634C6034A342C8
:10A3C00001D1402329E05F4B9B6C1B685F4C483CEC
:10A3D000A34202D14FF480331FE05A4B9B6C1B68A1
:10A3E000594C1834A34202D14FF4803315E0554B39
:10A3F0009B6C1B68554C1834A34202D14FF4803338
:10A400000BE0504B9B6C1B684F4C7834A34202D13D
:10A410004FF4803301E04FF480034C4C883CE36000
:10A4200073E0FFE7474B9B6C1B68484C783CA342AA
:10A4300001D1012366E0434B9B6C1B68424C183CE6
:10A44000A34201D101235DE03E4B9B6C1B683F4C56
:10A45000183CA34201D1012354E03A4B9B6C1B688A
:10A46000394C4834A34201D101234BE0354B9B6C5E
:10A470001B68364C603CA34201D1402342E0314B83
:10A480009B6C1B68304CA34201D140233AE02D4B1A
:10A490009B6C1B682D4CA34201D1402332E0294B19
:10A4A0009B6C1B68284C6034A34201D1402329E0F7
:10A4B000244B9B6C1B68254C483CA34202D14FF4B3
:10A4C00080331FE01F4B9B6C1B681F4C1834A3424A
:10A4D00002D14FF4803315E01A4B9B6C1B681B4C68
:10A4E0001834A34202D14FF480330BE0154B9B6C20
:10A4F0001B68154C7834A34202D14FF4803301E03D
:10A500004FF48003114C883CA360114B1B68D96049
:10A51000104B1B68D8600E4B1B685A600D4B1B68B4
:10A520005A600B4B1B681B6843F00103084C2468FE
:10A530002360084B1B681B6843F00103054C24682B
:10A54000236010BDA00C00202864024088600240F7
:10A55000500D0020B00D002010B5594B1B685B68F2
:10A5600043F00203564C24686360554B1B685B68DC
:10A5700043F00103524C24686360514B1B681B6815
:10A5800043F040034E4C246823604E4B1B681B680D
:10A5900023F001034B4C2468236007E0494B1B6800
:10A5A0001B6823F00103474C24682360454B1B685C
:10A5B0001B6803F00103002BF0D1424B1B68424C97
:10A5C000A34205D94FF400133F4C4C3C23601BE0E1
:10A5D0003C4B1B683D4CA34205D94FF400133A4C49
:10A5E000503C236010E0374B1B68384C603CA34262
:10A5F00005D94FF40013354CB83CE36004E04FF448
:10A600000013324CB83CA360314B2E4C2468A3603D
:10A610002C4B1B68D9602B4B1B685A60294B1B685D
:10A620001B6843F01003274C24682360294B1B68E8
:10A630001B6823F00103274C2468236007E0254BA7
:10A640001B681B6823F00103224C24682360214B04
:10A650001B681B6803F00103002BF0D11D4B1B6826
:10A66000194CA34205D94FF00063174C4C3C2360B2
:10A670001BE0184B1B68154CA34205D94FF0006333
:10A68000114C503C236010E0124B1B680F4C603C97
:10A69000A34205D94FF000630C4CB83CE36004E0E2
:10A6A0004FF00063094CB83CA360094B094C246887
:10A6B000A360084B1B68D860064B1B685A6010BD2E
:10A6C000A00C0020500D002058640240B8600240E9
:10A6D0000C300140B00D00207CB504460D461646F6
:10A6E000164800681821B0FBF1F01549B0FBF1F0F5
:10A6F0004FF47A71484301906068B0F5827F0DD1C4
:10A700002B46002280212046009600F01BF898B1CD
:10A71000606D40F02000606503207CBD00BF0198A3
:10A7200000B908E00198401E019020688068C0F3DD
:10A73000C0100028F3D100BF0020EEE76800002021
:10A7400040420F002DE9F04104460E4617461D46D3
:10A75000DDF818803EE0681CD8B3F8F7E7FEA0EB00
:10A760000800A84200D2A5BB2068406820F0E000A5
:10A77000216848606068B0F5827F0DD1A068B0F5AF
:10A78000004F03D0A068B0F5806F05D12068006845
:10A7900020F0400021680860A06AB0F5005F0DD18C
:10A7A00000BF2068006820F400502168086020681D
:10A7B000006840F400502168086000BF012084F860
:10A7C000510000BF002084F8500000BF0320BDE806
:10A7D000F081FFE7206880683040B04201D101205D
:10A7E00000E00020B842B6D10020F0E710B5F9F73C
:10A7F000AFFA07F01AF910BD00B597B030210BA8D9
:10A80000F5F75FFF142106A8F5F75BFF0020029023
:10A8100003900490059000BF01902948006840F023
:10A820008050274908600846006800F08050019079
:10A8300000BF00BF00BF002001902248006840F424
:10A840008040204908600846006800F4804001907C
:10A8500000BF00BF01200B9000040C90022011905B
:10A860004105129106211391A821149102211591FD
:10A87000072116910BA8FAF7BBF908B1F7F7D0FA40
:10A880000F20069002200790002008904FF4A0505F
:10A8900009904FF480500A90052106A8FAF76AF84B
:10A8A00008B1F7F7BDFA022002900748059002A808
:10A8B000F9F790FF08B1F7F7B3FA17B000BD000041
:10A8C000403802400070004000031E001448006839
:10A8D00040F47000124908601248006840F001001E
:10A8E0001049086000200F49083108600D480068D1
:10A8F0000D4908400B4908600C48091D0860081FF5
:10A90000006820F48020091F0860002005490C31F0
:10A9100008604FF00060024980390860704700000D
:10A9200088ED00E000380240FFFFF6FE1030002402
:10A9300010B50268294B98420ED0B0F1804F0BD071
:10A94000274B984208D0274B984205D0264B984277
:10A9500002D0264B984203D122F070024B681A4372
:10A960001E4B984220D0B0F1804F1DD01C4B984216
:10A970001AD01C4B984217D01B4B984214D01B4B3B
:10A98000984211D01A4B98420ED01A4B98420BD0D5
:10A99000194B984208D0194B984205D0184B984251
:10A9A00002D0184B984203D122F44072CB681A436C
:10A9B00022F080034C6943EA040202608B68C362A0
:10A9C0000B688362054B984202D0084B984201D134
:10A9D0000B6903630123436110BD000000000140C7
:10A9E0000004004000080040000C0040000401404A
:10A9F0000040014000440140004801400018004070
:10AA0000001C00400020004030B501F01F0501246B
:10AA100004FA05F3046A9C430462046A01F01F050A
:10AA200002FA05F52C43046230BD30B50C4681684E
:10AA300021F47F4142EA032525432943816030BD4B
:10AA40000A46816821F0700142F0070319438160D2
:10AA50007047000030B5056A25F001050562026AFD
:10AA60004368846924F0700424F003040D682C43C7
:10AA700022F002028D682A43104DA84200D103E063
:10AA80000F4DA84206D100BF22F00802CD682A432C
:10AA900022F00402094DA84202D0094DA84207D174
:10AAA00023F4807323F400734D692B438D692B438A
:10AAB000436084614D684563026230BD000001401F
:10AAC0000004014030B5056A25F010050562026AF0
:10AAD0004368846924F4E04424F440740D6844EA33
:10AAE000052422F020028D6842EA0512124DA84288
:10AAF00000D103E0114DA84207D100BF22F080022F
:10AB0000CD6842EA051222F040020B4DA84202D065
:10AB10000A4DA84209D123F4806323F400634D69F0
:10AB200043EA85038D6943EA8503436084614D6888
:10AB30008563026230BD0000000001400004014056
:10AB400030B5056A25F480750562026A4368C469F8
:10AB500024F0700424F003040D682C4322F40072E6
:10AB60008D6842EA0522124DA84200D103E0114D42
:10AB7000A84207D100BF22F40062CD6842EA052254
:10AB800022F480620A4DA84202D00A4DA84209D19F
:10AB900023F4805323F400534D6943EA05138D6970
:10ABA00043EA05134360C4614D68C563026230BD6A
:10ABB000000001400004014030B5056A25F48055CD
:10ABC0000562036A4468C26922F4E04222F44072DA
:10ABD0000D6842EA052223F400538D6843EA0533E9
:10ABE000084DA84202D0084DA84204D124F4804464
:10ABF0004D6944EA85144460C2614D68056403628E
:10AC000030BD0000000001400004014030B50B469B
:10AC10001446026A056A25F001050562816921F082
:10AC2000F00141EA041122F00A021A438161026232
:10AC300030BD30B50B461446056A25F01005056297
:10AC40008169026A21F4704141EA043122F0A002D4
:10AC500042EA03128161026230BD00002DE9F04139
:10AC600004462068006920F44050E16808432168E8
:10AC700008612169A068084361690843E16940EA05
:10AC800001052068C06849F20C61884328432168A7
:10AC9000C8602068406920F44070A16908432168B9
:10ACA0004861E069B0F5004F7ED1C4492068884210
:10ACB00003D0C349206888425DD1F9F731FF00EB2A
:10ACC000C00101EB001061684900B0FBF1F06421A4
:10ACD000B0FBF1F00601F9F723FF00EBC00101EB37
:10ACE000001061684900B0FBF1F7F9F719FF00EBBC
:10ACF000C00101EB001061684900B0FBF1F0642174
:10AD0000B0FBF1F000EBC00101EB0010A7EB8000FD
:10AD1000322101EBC0006421B0FBF1F000F0F8003B
:10AD200006EB4006F9F7FCFE00EBC00101EB00105A
:10AD300061684900B0FBF1F7F9F7F2FE00EBC001E2
:10AD400001EB001061684900B0FBF1F06421B0FB39
:10AD5000F1F000EBC00101EB0010A7EB8000322105
:10AD600001EBC0006421B0FBF1F000F007003044BB
:10AD70002168886020E1F9F7C3FE00EBC00101EB18
:10AD8000001061684900B0FBF1F06421B0FBF1F004
:10AD90000601F9F7B5FE00EBC00101EB0010616898
:10ADA0004900B0FBF1F700E045E0F9F7A9FE00EB40
:10ADB000C00101EB001061684900B0FBF1F06421B3
:10ADC000B0FBF1F000EBC00101EB0010A7EB80003D
:10ADD000322101EBC0006421B0FBF1F000F0F8007B
:10ADE00006EB4006F9F78CFE00EBC00101EB00100A
:10ADF00061684900B0FBF1F7F9F782FE00EBC00192
:10AE000001EB001061684900B0FBF1F06421B0FB78
:10AE1000F1F000EBC00101EB0010A7EB8000322144
:10AE200001EBC0006421B0FBF1F000F007003044FA
:10AE300021688860C0E061492068884203D0604989
:10AE4000206888425CD1F9F76BFE00EBC00101EB92
:10AE5000001061688900B0FBF1F6F9F761FE00EBC4
:10AE6000C00101EB001061688900B0FBF1F06421C2
:10AE7000B0FBF1F000EBC00101EB0010A6EB80008D
:10AE8000322101EB00106421B0FBF1F000F0F0067C
:10AE9000F9F746FE00EBC00101EB00106168890084
:10AEA000B0FBF1F06421B0FBF1F006EB0016F9F70E
:10AEB00037FE00EBC00101EB001061688900B0FBB8
:10AEC000F1F7F9F72DFE00EBC00101EB001061680E
:10AED0008900B0FBF1F06421B0FBF1F000EBC001A0
:10AEE00001EB0010A7EB8000322101EB0010642180
:10AEF000B0FBF1F000F00F003044216888605BE0A7
:10AF0000F9F7FEFD00EBC00101EB0010616889005C
:10AF1000B0FBF1F6F9F7F4FD00EBC00101EB001016
:10AF200061688900B0FBF1F06421B0FBF1F000EB47
:10AF3000C00101EB0010A6EB8000322101EB0010F4
:10AF40006421B0FBF1F000F0F006F9F7D9FD00EB59
:10AF5000C00101EB001061688900B0FBF1F06421D1
:10AF6000B0FBF1F006EB0016F9F7CAFD00EBC001EB
:10AF700001EB001061688900B0FBF1F7F9F7C0FD43
:10AF800000EBC00101EB001061688900B0FBF1F03B
:10AF90006421B0FBF1F000EBC00101EB0010A7EB66
:10AFA0008000322101EB00106421B0FBF1F000F0D1
:10AFB0000F00304421688860BDE8F0810010014036
:10AFC0000014014008B514480068006800F0200033
:10AFD00048B1114800684068C0B200909DF8000078
:10AFE00000F01EF80EE00C480068006800F0100049
:10AFF00040B1094800684068C0B200909DF8000068
:10B0000000F00EF80448FAF70FFF01220349024846
:10B01000FBF7F4F808BD0000900F00204900002065
:10B0200010B51B49096829B9AA2803D10121184A7A
:10B0300011602CE01649096801290FD115490A68E9
:10B040000968491C134B196013498854194609684B
:10B0500006291CDB02210E4A116018E0BB2810D122
:10B06000012105E00C4A535C4A1E0C4CA354491CB8
:10B070000629F7DB0021064A11600121054A11600B
:10B0800005E00021024A11600121024A116010BD51
:10B090004C000020500000205400002044000020FC
:10B0A00008B544480068006800F0200060B100BFA7
:10B0B000002000903F480068006800903D4800680C
:10B0C0004068009000BF74E03B48006800F010004A
:10B0D00000286ED000BF002000903648006800684D
:10B0E0000090344800684068009000BF00BF3348BB
:10B0F0000068006800F4002070BB304800680068F9
:10B1000020F001002D49096808602C48006840685B
:10B11000C0F124002A490880242028490968486091
:10B1200026480068006840F4002024490968086047
:10B1300022480068006840F0010020490968086062
:10B140001F480088122834D11E491F4807F026FBEB
:10B15000002004F0E9F92CE018480068006820F0AD
:10B160000100164909680860144800684068C0F189
:10B1700024001349088024201049096848601348B6
:10B18000806A20F40020114988620C480068006839
:10B1900040F0010009490968086009480088122840
:10B1A00007D108490848243007F0F8FA002004F0D5
:10B1B000BBF908BDD00F002000480040101100204E
:10B1C000E80200202C8C0020428C0020006002400D
:10B1D00008B54348006800F0100000287FD000BF89
:10B1E000002000903F480068006800903D480068DB
:10B1F0004068009000BF00BF3A48406B006800689C
:10B2000000F40020A8BB3748406B0068006820F0BD
:10B2100001003449496B096808603248406B006896
:10B220004068C0F50070304908804FF400702D4927
:10B23000496B096848602B48406B0068006840F41F
:10B2400000202849496B096808602648406B00685F
:10B25000006840F001002349496B096808602248F2
:10B2600002882249224804F019FC0B2004F05CF902
:10B2700035E0FFE71B48406B0068006820F00100E4
:10B280001849496B096808601648406B00684068B7
:10B29000C0F50070144908804FF400701149496BE3
:10B2A000096848600F48406B0068006820F400207F
:10B2B0000C49496B096808600A48406B00680068DF
:10B2C00040F001000749496B096808600648028898
:10B2D0000849074804F0E2FB0B2004F025F908BDFB
:10B2E0000014014010100020EC020020A08C00206F
:10B2F000A0900020A08E002070B504460D46D4F822
:10B300008C022946426820469047002070BD70B5E7
:10B3100004460D4694F87402012804D0022803D094
:10B3200003280CD101E000BF00BF6888012805D1C7
:10B330000020C4F87C02204600F04AF804E02946C8
:10B34000204600F01BF800BF00BF70BD70B5064678
:10B350000C4615462B4622460021304600F08CFA5A
:10B36000002070BD70B506460C4615462B46224699
:10B370000021304600F049FB002070BD70B5044646
:10B380000D468021204600F023FB0021204600F0DE
:10B390001FFB70BD10B504460520C4F86C020023E5
:10B3A0001A461946204600F067FA002010BD70B515
:10B3B00004460E4615460220C4F86C02E56125627B
:10B3C0002B4632460021204600F01FFB002070BDB6
:10B3D00010B504460420C4F86C0200231A4619462E
:10B3E000204600F012FB002010BD70B504460D464B
:10B3F000E888012804D029462046FFF7BFFF1EE059
:10B4000094F87402012804D0022803D0032810D134
:10B4100009E000BF0020A060012204F108012046DD
:10B42000FFF7C5FF0AE00122211D2046FFF7BFFFFD
:10B4300004E029462046FFF7A1FF00BF00BF70BD12
:10B44000F8B504460E467088001208287FD2DFE85F
:10B4500000F07E040C207E7E5F6D207CD4F8881284
:10B460000A6869469047054676E0207C40B9D4F8E2
:10B470008C02816A6846884705460221697007E0A8
:10B48000D4F88C02C16A6846884705460221697073
:10B4900062E0B078062834D2DFE800F0030B131B1B
:10B4A000232B207CD4F888124A68694690470546C9
:10B4B0002CE0207CD4F888128A68694690470546BB
:10B4C00024E0207CD4F88812CA6869469047054673
:10B4D0001CE0207CD4F888120A696946904705462A
:10B4E00014E0207CD4F888124A69694690470546E2
:10B4F0000CE0207CD4F888128A696946904705469A
:10B5000004E031462046FFF739FFF8BD00BF23E0D5
:10B51000207C30B9D4F88C02416B684688470546D8
:10B520001AE031462046FFF729FFEEE7207C48B9B4
:10B53000D4F88C02016B684688470546072169707C
:10B540000AE004E031462046FFF718FFDDE7314608
:10B550002046FFF713FFD8E700BFBDF8000088B111
:10B56000F08878B1F088BDF80010884202DDBDF89F
:10B57000000000E0F0880090BDF800202946204639
:10B58000FFF715FFF08810B92046FFF721FF00BF35
:10B59000BBE770B504460D4694F87402012804D048
:10B5A000022803D003281AD101E000BF00BFE888B9
:10B5B000022804D029462046FFF7E0FE14E00120CF
:10B5C000E060D4F87C0218B1E06840F00200E0606E
:10B5D000022204F10C012046FFF7E9FE04E02946AF
:10B5E0002046FFF7CBFE00BF00BF70BD0146002024
:10B5F00031B1012906D0022906D0032908D105E07E
:10B60000002007E0022005E0012003E0022001E025
:10B61000022000BF00BF70472DE9F04104460D46EF
:10B62000002600272946D4F89802F8F79CFC064625
:10B630003046FFF7DBFF07463846BDE8F0812DE9CD
:10B64000F04104460E461746002E64D104F114055D
:10B65000D4F86C02022848D1D5E90301884210D9F8
:10B66000D5E90301401AE860A88982B2394620462C
:10B67000FFF778FE00231A461946204600F0FCF832
:10B680003EE02969A868B0FBF1F201FB1200B8B9ED
:10B690002969A868884213D3A868D4F87012884230
:10B6A0000ED2002211462046FFF75CFE0020C4F8AF
:10B6B000700200231A461946204600F0DDF81FE00C
:10B6C000D4F88C02C06840B194F87402032804D105
:10B6D000D4F88C02C168204688478021204600F0BB
:10B6E00077F92046FFF756FE0AE0D4F86C020428EA
:10B6F00002D0D4F86C0218B98021204600F068F915
:10B7000094F87802012818D1204600F0AAF9002008
:10B7100084F8780211E0D4F88C02406950B194F8B2
:10B720007402032806D1D4F88C02314642692046BF
:10B73000904702E00220BDE8F0810020FBE72DE900
:10B74000F04104460E461746BEBB04F5A075D4F87A
:10B750006C02032825D1D5E90301884210D9D5E927
:10B760000301401AE860D5E90301884201D2E86884
:10B7700000E0286982B239462046FFF7E7FD2FE056
:10B78000D4F88C02006940B194F87402032804D103
:10B79000D4F88C020169204688472046FFF718FE3E
:10B7A0001EE0D4F86C0205281AD10020C4F86C02FF
:10B7B0000021204600F00CF912E0FFE7D4F88C02DB
:10B7C000806950B194F87402032806D1D4F88C0231
:10B7D000314682692046904702E00220BDE8F081B0
:10B7E0000020FBE701460020704710B50446012009
:10B7F00084F874022179D4F88C024268204690477C
:10B80000002010BD10B50246D2F8983201F0800039
:10B81000802809D101F07F00C0EBC00403F13C0097
:10B8200000EB8400807810BD01F07F00C0EBC00405
:10B8300003F5FE7000EB84008078F4E702460020F8
:10B8400070470246002070472DE9F04704460F4636
:10B8500015461E464FF00008C1462B463246394673
:10B86000D4F89802F8F7BDFB80464046FFF7BEFECD
:10B8700081464846BDE8F0872DE9F04704460D466D
:10B8800016461F464FF00008C1463B463246294641
:10B89000D4F89802F8F7EBFB80464046FFF7A6FE87
:10B8A00081464846BDE8F08710B504464023002293
:10B8B00011462046FFF7C8FF01214FF4A270015145
:10B8C00040214FF4A87001514023002280212046DE
:10B8D000FFF7BAFF0121A16140216162012084F8D4
:10B8E00074020020C4F86C026060C4F87C02D4F8D2
:10B8F000900228B12179D4F88C0242682046904702
:10B90000002010BD014691F8750281F874020020F4
:10B91000704710B5044694F87402032808D1D4F88F
:10B920008C02C06920B1D4F88C02C16920468847D6
:10B93000002010BD02461174002070472DE9F0412F
:10B9400004460D46002600272946D4F89802F8F749
:10B9500003FF06463046FFF749FE07463846BDE876
:10B96000F08170B504460D46294604F5207000F0BC
:10B9700064F80120C4F86C0240F28620005BC4F831
:10B98000700294F8800200F01F0020B1012808D056
:10B99000022812D10BE004F52071204600F022F9B4
:10B9A00013E004F52071204600F089FA0DE004F55B
:10B9B0002071204600F067F907E094F8800200F05B
:10B9C0008001204600F004F800BF00BF002070BDD9
:10B9D0002DE9F04104460D46002600272946D4F8FB
:10B9E0009802F8F770FB06463046FFF7FFFD074662
:10B9F0003846BDE8F081014691F8740281F875027D
:10BA0000042081F87402002070472DE9F0470446B5
:10BA10000D4616461F464FF00008C1463B463246CB
:10BA20002946D4F89802F8F793FB80464046FFF782
:10BA3000DDFD81464846BDE8F0870A7802704A7805
:10BA400042708B78CA7803EB022242800B794A79E4
:10BA500003EB022282808B79CA7903EB0222C28037
:10BA6000704701460020704770B504460D46A8880F
:10BA700010BBE88800BB688880281DD2A87800F039
:10BA80007F0694F87402032804D129462046FFF764
:10BA900075FC15E084F8766231462046FFF74EFFCC
:10BAA0002046FFF795FC1EB1022084F8740207E0DF
:10BAB000012084F8740203E029462046FFF75EFC6B
:10BAC00070BD70B504460D460226D4F88C0238B11C
:10BAD000D4F88C02294602682046904700B9002617
:10BAE000304670BD70B504460D46A87836490870DA
:10BAF00008460078012804D929462046FFF73EFC75
:10BB000060E094F87402022802D003284FD11CE0B0
:10BB10002D480078A8B12C4800786060032084F894
:10BB20007402294801782046FFF7CBFF022804D190
:10BB300029462046FFF722FC70BD2046FFF748FC4F
:10BB400002E02046FFF744FC3BE01F48007870B954
:10BB5000022084F874021C48007860601A4801785A
:10BB60002046FFF7C9FB2046FFF732FC1EE01649CE
:10BB700009786068884216D021792046FFF7BCFB1F
:10BB8000114800786060104801782046FFF799FF5F
:10BB9000022804D129462046FFF7F0FBCCE72046D7
:10BBA000FFF716FC02E02046FFF712FC09E02946E9
:10BBB0002046FFF7E3FB044801782046FFF79CFB93
:10BBC00000BF00BF00BFB7E7E000002070B505462A
:10BBD0000C466088012804D1C5F87C022846FFF78E
:10BBE000F7FB70BD70B505460C460026207800F0C6
:10BBF000600060B1202802D040283CD100E000BFA6
:10BC0000D5F88C02214682682846904738E0607853
:10BC10000A2829D2DFE800F01923281E280A05285F
:10BC2000140F21462846FFF70BFC22E02146284648
:10BC3000FFF71AFF1DE021462846FFF753FF18E0E3
:10BC400021462846FFF7D1FB13E021462846FFF79F
:10BC5000A0FC0EE021462846FFF7B8FF09E0214688
:10BC60002846FFF754FB04E021462846FFF786FBF1
:10BC700000BF00BF04E021462846FFF77FFB00BF5E
:10BC800000BF304670BD2DE9F04105460E464FF02D
:10BC900000083479307800F0600060B1202802D0CC
:10BCA000402871D100E000BFD5F88C02314682688F
:10BCB0002846904700E1307800F06000202809D144
:10BCC000D5F88C0231468268284690478046404627
:10BCD000BDE8F081707800285ED001282FD00328BD
:10BCE00076D195F87402022802D0032820D110E002
:10BCF00054B1802C08D021462846FFF769FE8021E8
:10BD00002846FFF765FE03E031462846FFF736FB7D
:10BD100013E0708840B93CB1802C05D0F08818B988
:10BD200021462846FFF754FE2846FFF751FB04E062
:10BD300031462846FFF722FB00BF00BFB5E095F86B
:10BD40007402022802D003281FD110E054B1802CC5
:10BD500008D021462846FFF73BFE80212846FFF702
:10BD600037FE03E031462846FFF708FB12E07088F3
:10BD700048B904F07F0018B121462846FFF74CFC73
:10BD80002846FFF725FB05E091E031462846FFF7FE
:10BD9000F5FA00BF00BF88E095F87402022802D0CF
:10BDA000032876D126E034B1802C04D031462846D1
:10BDB000FFF7E4FA72E004F08000802809D104F073
:10BDC0007F0000EB800105F1140000EB810008E02A
:10BDD00066E004F07F0000EB800105F5A07000EB49
:10BDE0008100074600203860022239462846FFF7C6
:10BDF000DEFA53E004F0800080280ED104F00F003A
:10BE000000EB800105F1140000EB8100406898B957
:10BE100031462846FFF7B2FA40E004F00F0000EB8D
:10BE2000800105F5A07000EB8100406820B9314623
:10BE30002846FFF7A3FA31E004F08000802808D1FB
:10BE400004F07F0000EB800105F1140000EB81009D
:10BE500007E004F07F0000EB800105F5A07000EB27
:10BE6000810007460CB1802C02D10020386009E027
:10BE700021462846FFF7C6FC10B10120386001E0DA
:10BE800000203860022239462846FFF790FA05E084
:10BE9000FFE731462846FFF771FA00BF00BF04E014
:10BEA00031462846FFF76AFA00BF00BF04E031467A
:10BEB0002846FFF763FA00BF00BF404608E770B5A9
:10BEC00005460C460026207800F0600030B120289E
:10BED00002D040282AD100E000BF00BF95F87402CC
:10BEE000012804D0022803D0032818D101E000BFA4
:10BEF00000BF207901280DD8D5F88C022146826830
:10BF0000284690470646E08840B93EB92846FFF7E4
:10BF10005FFA03E021462846FFF730FA04E02146A5
:10BF20002846FFF72BFA00BF00BF04E02146284651
:10BF3000FFF724FA00BF00BF002070BD70B50446B3
:10BF40000B4622461978587801282CD140F61C005F
:10BF500080581D7805F00F060125B540ADB2284385
:10BF600040F61C05A85002F5106000EB4110006877
:10BF700000F40040F0BB1889C0F30A00DD7840EA05
:10BF8000854040EA815040F0805040F4004002F586
:10BF9000106505EB41152D68284302F5106505EB8A
:10BFA000411528602DE040F61C0080581D7805F0F2
:10BFB0000F060125B540144E06EA0545284340F614
:10BFC0001C05A85002F5306000EB4110006800F439
:10BFD000004078B91889C0F30A00DD7840EA85404E
:10BFE00040F0805040F4004002F5306505EB41150B
:10BFF0002D6800E005E0284302F5306505EB4115AA
:10C000002860002070BD00000000FFFF02461146BE
:10C010004FF410604058C30ADB024FF410604350E5
:10C0200040F60800405800F00600042807D14FF4FD
:10C030001060405840F003034FF41060435040F646
:10C040000400405840F4807340F604004350002040
:10C0500070470000F0B505460B4614462A4619788D
:10C060005878012875D1586920BB02F5106000EBA3
:10C07000411000696C4E304002F5106606EB411627
:10C08000306102F5106000EB4110006940F40026B9
:10C0900002F5106000EB4110066102F5106000EB44
:10C0A00041100069C60CF60402F5106000EB411067
:10C0B000066137E002F5106000EB41100069C60C24
:10C0C000F60402F5106000EB4110066102F5106005
:10C0D00000EB41100069544E304002F5106606EB4B
:10C0E000411630619E685869B04201D9986858611C
:10C0F00002F5106000EB4110006940F4002602F5E3
:10C10000106000EB4110066102F5106000EB411079
:10C1100000695E69C6F31206304302F5106606EB4D
:10C1200041163061012C15D1186928B102F5106053
:10C1300000EB41101E69466102F5106000EB4110F2
:10C14000006840F0044602F5106000EB4110066004
:10C1500068E01BE002F5106000EB4110006840F061
:10C16000044602F5106000EB411006605869002893
:10C1700058D040F6340080581E7806F00F0701268C
:10C18000BE40304340F63406B0504BE002F530601C
:10C1900000EB41100069C60CF60402F5306000EBBC
:10C1A0004110066102F5306000EB411000691E4E3F
:10C1B000304002F5306606EB41163061586908B12F
:10C1C0009868586102F5306000EB4110006940F456
:10C1D000002602F5306000EB4110066102F5306088
:10C1E00000EB411000699E68C6F31206304302F569
:10C1F000306606EB41163061012C07D1D86828B1B2
:10C2000002F5306000EB4110DE68466102F53060F7
:10C2100000EB4110006840F0044602F5306000EB8E
:10C22000411006600020F0BDFFFF07E070B5034637
:10C230000C4619461D6C1848854209D94FF43060E8
:10C24000405800F00040B0F1004F01D1002070BD17
:10C250000026C1F8106BD1F8100B40F40026C1F88D
:10C26000106BD1F8100B40F01806C1F8106BD1F824
:10C27000100B40F0C046C1F8106B012C09D1C1F879
:10C28000142B4FF43060405840F080264FF430605B
:10C2900046500020DBE700000A30544F30B504461A
:10C2A0000B4622461978587801281ED102F51060F5
:10C2B00000EB4110006820F4001502F5106000EB5F
:10C2C00041100560D878032802D0D87802282AD1F6
:10C2D00002F5106000EB4110006840F0805502F557
:10C2E000106000EB411005601DE002F5306000EBCE
:10C2F0004110006820F4001502F5306000EB411099
:10C300000560D878032802D0D87802280BD102F52E
:10C31000306000EB4110006840F0805502F530605D
:10C3200000EB41100560002030BD30B504460B46DF
:10C33000224619785878012821D102F5106000EBC7
:10C340004110006800F0004060B959B102F510607A
:10C3500000EB4110006820F0804502F5106000EB12
:10C360004110056002F5106000EB4110006840F4D8
:10C37000001502F5106000EB4110056020E002F5A9
:10C38000306000EB4110006800F0004060B959B126
:10C3900002F5306000EB4110006820F0804502F5A6
:10C3A000306000EB4110056002F5306000EB411099
:10C3B000006840F4001502F5306000EB41100560A4
:10C3C000002030BD2DE9F84381460E4617464D4604
:10C3D0003478707801287DD1706920BB05F5106034
:10C3E00000EB44100069C749084005F5106101EBF6
:10C3F0004411086105F5106000EB4410006940F439
:10C40000002105F5106000EB4410016105F5106096
:10C4100000EB44100069C10CC90405F5106000EB85
:10C420004410016155E005F5106000EB441000690F
:10C43000C10CC90405F5106000EB4410016105F55D
:10C44000106000EB44100069AE49084005F510612A
:10C4500001EB44110861B16870690844401EB0FBEB
:10C46000F1F0A849C94301EAC04005F5106101EBAC
:10C4700044110969084305F5106101EB4411086195
:10C4800005F5106000EB441000697169C1F31201F9
:10C49000084305F5106101EB44110861F0780128AB
:10C4A00017D105F5106000EB4410006920F0C04181
:10C4B00005F5106000EB4410016105F5106000EB1C
:10C4C0004410006940F0005105F5106000EB441085
:10C4D000016100E07FE0012F36D1306928B105F518
:10C4E000106000EB441031694161F07801281ED1E1
:10C4F00040F60800405900F4807060B905F51060FE
:10C5000000EB4410006840F0005105F5106000EBAE
:10C51000441001600BE005F5106000EB441000686A
:10C5200040F0805105F5106000EB4410016005F506
:10C53000106000EB4410006840F0044105F5106005
:10C5400000EB44100160DAE005F5106000EB4410E8
:10C55000006840F0044105F5106000EB44100160F4
:10C56000F07801280FD070690028ECD040F6340034
:10C570004059317801F00F0201219140084340F603
:10C5800034014851BBE040F60800405900F4807087
:10C5900060B905F5106000EB4410006840F00051F0
:10C5A00005F5106000EB441001600BE005F510602C
:10C5B00000EB4410006840F0805105F5106000EB7E
:10C5C000441001600097B08A83B232784846F1681F
:10C5D00000F0A4F993E005F5306000EB4410006929
:10C5E000C10CC90405F5306000EB4410016105F58C
:10C5F000306000EB441000694249084005F53061A5
:10C6000001EB441108617069D0B905F5306000EBA9
:10C6100044100069B168C1F31201084305F53061A7
:10C6200001EB4411086105F5306000EB441000692E
:10C6300040F4002105F5306000EB4410016126E074
:10C64000B16870690844401EB0FBF1F01FFA80F831
:10C6500005F5306000EB441000692A49C94301EA3E
:10C66000C841084305F5306101EB4411086105F547
:10C67000306000EB44100069B16801FB08F1C1F3C0
:10C680001201084305F5306101EB44110861012FE7
:10C6900007D1F06828B105F5306000EB4410F1686F
:10C6A0004161F07801281ED140F60800405900F49D
:10C6B000807060B905F5306000EB4410006840F010
:10C6C000005105F5306000EB441001600BE005F50A
:10C6D000306000EB4410006840F0805105F5306098
:10C6E00000EB4410016005F5306000EB4410006879
:10C6F00040F0044105F5306000EB4410016000207B
:10C70000BDE8F883FFFF07E010B5024600232020B4
:10C7100040EA8110106100BF581C0346054CA0423E
:10C7200001D9032010BD106900F020002028F3D0AB
:10C730000020F7E7400D030010B501460B4640F618
:10C740000804E45804F006020AB9002006E0022AB0
:10C7500001D0062A01D1022000E00F2010BD0146C1
:10C76000486900F00100704701460B4640F618008A
:10C77000C258001DC058024090B2704701460B4697
:10C7800040F61800C258001DC0580240100C7047F7
:10C7900070B5024613464FF40166F45840F634066D
:10C7A000F55801F00F0625FA06F606F0010644EAF0
:10C7B000C61403F5106606EB4116B66806EA0400D7
:10C7C00070BD10B50246134603F5306404EB411406
:10C7D000A06840F61404E458204010BD01464869A2
:10C7E0008A6910407047F0B503461E460846D71CBC
:10C7F000BD08002405E04FF48057BF590760001DB5
:10C80000641CAC42F7D3F0BD10B502460B4611468E
:10C81000D1F8000820F4FE60C1F80008D1F8000843
:10C820004FF4FE6404EA03142043C1F8000800201A
:10C8300010BD000030B503461446022C49D12D48E6
:10C84000814204D32C48814201D20F2245E02A487C
:10C85000814204D32948814201D20E223DE027487B
:10C86000814204D32648814201D20D2235E024487A
:10C87000814204D32348814201D20C222DE0214879
:10C88000814204D32048814201D20B2225E01E4878
:10C89000814204D31D48814201D20A221DE01B4877
:10C8A000814204D31A48814201D2092215E0184876
:10C8B000814204D31748814201D208220DE0154875
:10C8C000814204D31448814201D2072205E00622A6
:10C8D00003E00CB9092200E00922D86820F4705066
:10C8E000D860D8684FF4705505EA82252843D8608F
:10C8F000002030BDC0ACD800C0E1E4000024F4004A
:10C9000080730601A0491A01002D310140A44C0199
:10C9100000366E0120ABA6010048E8012DE9F04386
:10C9200004460D46DDF81CC0A0462E46BCF1000FA3
:10C930000FD1D81C8708002109E008F5805000EBD2
:10C940000230D6F80090C0F80090361D491CB9425C
:10C95000F3D30020BDE8F08300BFFEE741000802EA
:10C9600018BF04200A0E18BF40F001004FF07F42AC
:10C9700032EA010108BF40F00200012808BF05208B
:10C980007047000002480068C0F3022070470000B2
:10C990000CED00E010B5002804DB0A07130E054A71
:10C9A000135406E00A07140E034A00F00F031B1F7E
:10C9B000D45410BD00E400E018ED00E0EFF3108067
:10C9C0007047000010B54FF00E402DED028BB0EE19
:10C9D000408A18EE104A00EB4400B0F1506F4AD87C
:10C9E0004FF0FC40B0EB440F22D2B0EEC80AF7EE95
:10C9F000000A30EEC00AF6EE000A60EE208A18EE59
:10CA0000900A06F0C9FA01EE100A14F0004F1DBF9B
:10CA1000DFED2D0A9FED2D0AB1EE411ADFED2C0A54
:10CA200008BF9FED2C0AF8EE001A21EE218A05E0DE
:10CA3000DFED290A68EE088AB0EE600A9FED271A3A
:10CA4000DFED271A30EE080A48EE811A9FED251A0D
:10CA500008EEA11ADFED241A48EE811A9FED231A81
:10CA600008EEA11A68EE281ABDEC028B01EE810ACD
:10CA700030EE200A10BD4FF0E440B0EB440F0CD96B
:10CA800018EE100AFFF76AFF042808BF00F08EF9BD
:10CA9000B0EE480ABDEC028B10BD4FF07F40B0EB0A
:10CAA000440F07D2B0EE480ABDEC028BBDE810403F
:10CAB00000F06DB90120F3F733FEBDEC028BBDE849
:10CAC000104000F06BB900000000C9BF22AAFDB9F8
:10CAD0000000C93F22AAFD390000000024FE1C3DD1
:10CAE000C78AD83C1E67383D1B93993DAFAA2A3EA2
:10CAF00010EE100A10B510EE901A4FF0684202EBDB
:10CB000040032DED028BB3F1654F3CBF02EB4102B8
:10CB1000B2F1654F7CD200BFC0F3C753C1F3C75217
:10CB20009A1A1B2A09DD10F0004F14BF9FED6E0A00
:10CB30009FED6E0ABDEC028B10BD12F11A0F1BDACD
:10CB400011F0004F09D010F0004F0CBF9FED680AA4
:10CB50009FED680ABDEC028B10BD80EE208A18EEB6
:10CB6000100AFFF7FBFE042808BF00F01FF9B0EE23
:10CB7000480ABDEC028B10BD4200B2EB410F37D921
:10CB800010F0004F19BFDFED5C1A9FED5C1ADFED6E
:10CB90005C1A9FED5C1AB0EE602A0A46F1EE400A7C
:10CBA00080F00041B0EE420A10460A1A5200B2F17B
:10CBB000807F34D2484010F0004FDFED532A9FEDC4
:10CBC000533A1DBFBEEE002A71EEE21A31EE431A4F
:10CBD000B6EE002A04BF71EEA21A31EE031AF0EE8F
:10CBE000402A42EE602A40EE020A82EEA02A18E0B5
:10CBF00011F0004F04BF9FED461AF0EE411AD4D059
:10CC000010F0004F1CBFDFED431A9FED431A00E008
:10CC100026E004BFDFED411A9FED411AC5E780EE23
:10CC2000202A22EE020ADFED3F0ADFED3F2ABDECAB
:10CC3000028B40EE202ADFED3D0A40EE220ADFEDB6
:10CC40003C2A40EE202ADFED3B0A40EE220A22EE8B
:10CC5000000A00EE201A31EE020A30EE210A10BD61
:10CC60004FF07F42B2EB400F28BFB2EB410F05D22D
:10CC7000BDEC028BBDE8104000F08CB840EA010327
:10CC80005B0008BF41F0FF410BD0B2EB400F08BF83
:10CC9000B2EB410F08D120F0804000EE100A21F0E5
:10CCA000804100EE901A37E7B2EB400F12BF5FEA07
:10CCB000410240F0FF4001F000413FF42DAF4A0037
:10CCC00092EA40033FF528AF002AACBF9FED1A1A45
:10CCD0009FED1A1A20EE010A60EE810A10EE100A8A
:10CCE00010EE901A18E70000DB0FC9BFDB0FC93F39
:10CCF000DB0F4940DB0F49C00000C9BF22AAFDB9C4
:10CD00000000C93F22AAFD390060ED3EC30ACE37BC
:10CD100000000000000049C022AA7DBA000049407E
:10CD200022AA7D3A2DAD65BD8FB8D53D0FB511BE98
:10CD300061C84C3EA8AAAABE0000804F0000802F08
:10CD40002DED020B019820F0004001909DED000BAD
:10CD500002B0704710B52DED028BB1EEC08A18EE0F
:10CD6000100A20F00040C0F1FF40C00F0AD010EEC2
:10CD7000100A20F00040C0F1FF40C00F04BF0120A6
:10CD8000F3F7CEFCB0EE480ABDEC028B10BD30EEDE
:10CD9000000A704730EE200A70470000DFED020AFB
:10CDA00080EEA00A70470000000000009FED020A1C
:10CDB00020EE000A704700000000001080F3108889
:10CDC00070470000010E144A1170C0F30741127839
:10CDD00011FB02F1114A1180C0F307210E4A1278AB
:10CDE00011FB02F10E4A1180C1B20B4A127811FBFD
:10CDF00002F10C4A1180114609880B4A12685163EE
:10CE000007490988084A1268916304490988064A53
:10CE10001268D16370470000F0000020F20000208B
:10CE2000F4000020F6000020D00E0020D0ED000A13
:10CE3000F4EEC00AF1EE10FA02DD80ED000A0CE01B
:10CE4000D0ED000AB1EE401AF4EEC10AF1EE10FA8C
:10CE500003D2F1EE400AC0ED000A704770B52DED27
:10CE6000028B8AB005460C4616460DB104B11EB9B8
:10CE70000AB0BDEC028B70BD94ED000AB5EEC00A9D
:10CE8000F1EE10FA0DD194ED010AB5EEC00AF1EE03
:10CE900010FA06D194ED020AB5EEC00AF1EE10FACE
:10CEA0007DD09FED600AB0EE408A00200790089088
:10CEB00009900490059006905B4A07CA01AB07C32E
:10CEC00095ED010AD5ED030A20EE200AD5ED000A02
:10CED00095ED021A00EEC10AF0EE000A20EE200ADB
:10CEE0008DED070A95ED000AD5ED010A20EE200A26
:10CEF000D5ED020A95ED031A00EE810AF0EE000A64
:10CF000020EE200A8DED080A95ED000A20EE000AB9
:10CF1000D5ED030A95ED031A00EE810AF7EE000A3B
:10CF2000B0EE001A51EE000ACDED090A01AB22461F
:10CF30003146284600F07AF8D4ED000A60EEA00AE7
:10CF400094ED011AD4ED011A41EE210A94ED021A72
:10CF5000D4ED021A41EE210AB0EE600AF3F702FFA7
:10CF6000B0EE408A94ED000A20EE080A84ED000A33
:10CF700094ED010A20EE080A84ED010A94ED020AFC
:10CF800020EE080A84ED020A94ED010ADDED090A9B
:10CF900020EE200AD4ED020A9DED081A00E03EE0E2
:10CFA00000EEC10A8DED040A94ED020ADDED070AD8
:10CFB00020EE200AD4ED000A9DED091A00EEC10A08
:10CFC0008DED050A94ED000ADDED080A20EE200A39
:10CFD000D4ED010A9DED071A00EEC10A8DED060A97
:10CFE00096ED000ADDED010A9DED041A00EE810ABE
:10CFF00086ED000A96ED010ADDED020A9DED051AA7
:10D0000000EE810A86ED010A96ED020ADDED030AC3
:10D010009DED061A00EE810A86ED020A00BF00BFF0
:10D0200026E70000000000003C5C01082DE9F0410B
:10D030002DED048B07460D4614461E469FED580AFB
:10D04000B0EE409A9FED560AB0EE408A9FED540A2A
:10D05000F0EE408AD4ED000A60EEA00A94ED011AC9
:10D06000D4ED011A41EE210A94ED021AD4ED021A10
:10D0700041EE210AB0EE600AF3F774FEF7EE000A03
:10D0800080EE801AB0EE419AD5ED000AB0EE600A4B
:10D09000F3F7FEFCF0EE409AD5ED010AB0EE600A1F
:10D0A000F3F7F6FC79EE809AD5ED020AB0EE600A4D
:10D0B000F3F7EEFC39EE800AF0EE408A3948D0ED05
:10D0C000000A79EE600AB0EE600AF3F7E1FCB0EE18
:10D0D000408A9FED350AB4EEC08AF1EE10FA06DC04
:10D0E0009FED320AF4EEC08AF1EE10FA53DD9FEDA7
:10D0F0002C2AB0EE420A9FED2A2AF0EE421AB7EE31
:10D10000002AF0EE420A9FED262AB0EE421AB5EE52
:10D11000C08AF1EE10FA05DD9FED232AC2EE082A3F
:10D12000B0EE620A9FED222AB4EEC20AF1EE10FAC6
:10D1300003D29FED1B2AB0EE420AF5EEC08AF1EE53
:10D1400010FA05DD9FED192AC2EE282AF0EE621AC8
:10D15000B7EE002AB4EEC20AF1EE10FA03D220EEC6
:10D16000802AF0EE420AB7EE002AF4EEC21AF1EE7F
:10D1700010FA03D220EEA12AF0EE420A9FED0D2A0A
:10D1800020EE822AB0EE421A86ED001A86ED011AD0
:10D1900086ED021A00BFBDEC048BBDE8F0810000F3
:10D1A0000000000088030020CDCCCC3D8FC2F53DAF
:10D1B0009A99993ECDCC4C3E70B505460C460C482C
:10D1C000046001200A494860002088602846F4F77E
:10D1D00029FE08B1F4F724FE2846F4F7D9FF0A2106
:10D1E0002846F4F773FF2846F4F7E2FE80B270BDDC
:10D1F0007878002010B52DED048B86B00446B0EE93
:10D20000408AF0EE608AB0EE419A002003900490CC
:10D210000590009001900290B0EE000AC8EE000A5E
:10D22000F0EE609AB0EE690AF3F726FC8DED030A82
:10D23000B0EE000AC8EE800AF0EE609AB0EE690A1D
:10D24000F3F71AFC8DED040AB0EE000AC9EE000AED
:10D25000F0EE609AB0EE690AF3F70EFC8DED050A68
:10D26000B0EE000AC8EE000AF0EE609AB0EE690A6D
:10D27000F3F78AFD8DED000AB0EE000AC8EE800AD1
:10D28000F0EE609AB0EE690AF3F77EFD8DED010ACB
:10D29000B0EE000AC9EE000AF0EE609AB0EE690A3C
:10D2A000F3F772FD8DED020A9DED050ADDED040A2E
:10D2B00020EE200ADDED030A20EE200ADDED020A51
:10D2C0009DED011A60EE810A9DED001A00EE810AC3
:10D2D00084ED000A9DED020ADDED040A20EE200A2D
:10D2E000DDED030A20EE200ADDED050A9DED011AB1
:10D2F00060EE810A9DED001A00EEC10A84ED010A7C
:10D300009DED050ADDED010A20EE200ADDED030AA0
:10D3100020EE200ADDED020A9DED041A60EE810A7E
:10D320009DED001A00EE810A84ED020A9DED050ACA
:10D33000DDED040A20EE200ADDED000A20EE200AD1
:10D34000DDED020A9DED011A60EE810A9DED031AE2
:10D3500000EEC10A84ED030A06B0BDEC048B10BDDB
:10D3600038B5002000900024F3F7C2FD8020F3F7C9
:10D3700061FF5520F3F75EFF5520F3F75BFF009048
:10D38000F3F7ACFD9620F3F722FEF3F7B1FD802012
:10D39000F3F750FF5520F3F74DFF5520F3F74AFF01
:10D3A0000090F3F79BFD9620F3F711FEF3F7A0FD35
:10D3B000B6217E20F3F768FFF3F790FD5020F3F7D6
:10D3C00000FEF3F795FD8020F3F734FF5520F3F7C7
:10D3D00031FF5520F3F72EFF0090F3F77FFD9620E5
:10D3E000F3F7F5FDF3F784FD8020F3F723FF5520D5
:10D3F000F3F720FF5520F3F71DFF0090F3F76EFDC4
:10D400009620F3F7E4FD9DF800001E2801D0FF20D0
:10D4100038BD002437E0F3F76BFD04EB44021C4BEE
:10D420001A44517804EB4402985CF3F72DFFF3F7AC
:10D4300055FD9620F3F7CBFDF3F75AFD04EB4401BD
:10D44000134A515C41F08000F3F7F4FE5520F3F7E6
:10D45000F1FE5520F3F7EEFE0090F3F73FFD962026
:10D46000F3F7B5FD04EB44000949084440789DF802
:10D470000010884205D004EB440005490844807838
:10D48000C6E7601CC4B2062CC5DB0020C0E7000064
:10D490005803002010B586B0002001900290009043
:10D4A0000024F3F725FD8020F3F7C4FE5520F3F7A1
:10D4B000C1FE5520F3F7BEFE0090F3F70FFD962056
:10D4C000F3F785FDF3F714FD8020F3F7B3FE552045
:10D4D000F3F7B0FE5520F3F7ADFE0090F3F7FEFC36
:10D4E0009620F3F774FDF3F703FDB6217E20F3F7E2
:10D4F000CBFEF3F7F3FC5020F3F763FDF3F7F8FCF2
:10D500008020F3F797FE5520F3F794FE5520F3F7AC
:10D5100091FE0090F3F7E2FC9620F3F758FDF3F745
:10D52000E7FC8020F3F786FE5520F3F783FE5520B5
:10D53000F3F780FE0090F3F7D1FC9620F3F747FD58
:10D540009DF800001E2802D0FF2006B010BD002468
:10D550003AE0F3F7CDFC04EB44028C4B1A445178CB
:10D5600004EB4402985CF3F78FFEF3F7B7FC9620C8
:10D57000F3F72DFDF3F7BCFC04EB4401834A515C47
:10D5800041F08000F3F756FE5520F3F753FE552087
:10D59000F3F750FE0090F3F7A1FC9620F3F717FD88
:10D5A00004EB44007949084440789DF80010884213
:10D5B00005D004EB4400754908448078C5E7502045
:10D5C000F3F7FFFC601CC4B2042CC2DB00246FE044
:10D5D000F3F78EFC221D02EB42026C4B1A44517889
:10D5E000221D02EB4202985CF3F74EFEF3F776FC45
:10D5F0009620F3F7ECFCF3F77BFC211D01EB4101D6
:10D60000624A515C41F08000F3F714FE5520F3F7B5
:10D6100011FE5520F3F70EFE0090F3F75FFC962005
:10D62000F3F7D5FC201D00EB400058490844407832
:10D630009DF80010884206D0201D00EB40005349A1
:10D640000844807881E75020F3F7BBFCF3F750FCE7
:10D650009220F3F7EFFD062201A91220F3F7CAFD8D
:10D66000F3F73CFC9DF80500000200B29DF80410A1
:10D67000084304EB440103AA22F811009DF80700B7
:10D68000000200B29DF80610084304EB440102EBCF
:10D69000410148809DF80900000200B29DF8081081
:10D6A000084304EB440102EB41018880601CC4B2D2
:10D6B000022C8DDBF3F71CFC00216D20F3F7E4FD59
:10D6C000F3F70CFC9620F3F782FCF3F711FCED2046
:10D6D000F3F7B0FD5520F3F7ADFD5520F3F7AAFDA4
:10D6E0000090F3F7FBFB9620F3F771FC9DF8000028
:10D6F00008B1042029E7F3F7FBFBB6217E20F3F7FE
:10D70000C3FDF3F7EBFB5020F3F75BFCBDF90C0016
:10D71000BDF91210401A40F25551884210DBBDF994
:10D720000E10BDF91400081A40F25551884207DB6B
:10D73000BDF91010BDF91600081AB0F52A7F01DAFC
:10D74000802002E7F3F7D4FB8020F3F773FD552028
:10D75000F3F770FD5520F3F76DFD0090F3F7BEFB76
:10D760009620F3F734FCF3F7C3FB8020F3F762FD58
:10D770005520F3F75FFD5520F3F75CFD0090F3F7BC
:10D78000ADFB9620F3F723FC0020DEE61C5C0108CD
:10D7900038B5002400200090F3F7C0FB6946002054
:10D7A000F3F73BFDF3F7B0FB9620F3F710FCF3F72C
:10D7B000B5FB69460020F3F730FDF3F7A5FB962093
:10D7C000F3F705FCF3F7AAFBB6211420F3F75CFD91
:10D7D000F3F79AFB5020F3F7F4FBF3F79FFB69464E
:10D7E0000020F3F71AFDF3F78FFB9620F3F7EFFB1A
:10D7F000F3F794FB69460020F3F70FFDF3F784FB82
:10D800009620F3F7E4FB9DF800000F2801D0FF20DD
:10D8100038BD00242FE0F3F781FB04EB4402184BE2
:10D820001A44517804EB4402985CF3F72DFDF3F7AA
:10D830006BFB9620F3F7CBFBF3F770FB04EB440193
:10D840000F4A505C6946F3F7E8FCF3F75DFB96205E
:10D85000F3F7BDFB04EB44000949084440789DF808
:10D860000010884205D004EB440005490844807844
:10D87000CEE7601CC4B2062CCDDB0020C8E7000058
:10D880006A03002038B5002000900024F3F746FB1F
:10D8900069460020F3F7C1FCF3F736FB9620F3F757
:10D8A00096FBF3F73BFB69460020F3F7B6FCF3F772
:10D8B0002BFB9620F3F78BFBF3F730FBB6211420FC
:10D8C000F3F7E2FCF3F720FB5020F3F77AFBF3F7D2
:10D8D00025FB69460020F3F7A0FCF3F715FB962023
:10D8E000F3F775FBF3F71AFB69460020F3F795FC95
:10D8F000F3F70AFB9620F3F76AFBF3F70FFB01211E
:10D900003C20F3F7C1FCF3F7FFFA5020F3F759FB83
:10D9100000BFF3F703FB69463C20F3F77EFCF3F707
:10D92000F3FA9620F3F753FB601CC4B29DF8000095
:10D9300000F0020008B90A2CEBDB0A2C01D14020D0
:10D9400038BD9DF8000000F0040008B14020F7E762
:10D950000020F5E710B59FED0D0A0D4880ED270A70
:10D96000D0ED270A90ED261A70EEC10AB0EE600ADB
:10D970009FED081ADFED080A03F0B2FFDFED070A9A
:10D9800020EE200A024880ED250A10BD07D206C00D
:10D99000C0950020DB0F4940DB0F49C000008C42DE
:10D9A00070B505460D48854201D10D4C03E00D4888
:10D9B000854200D10C4C2068006840F4004021688A
:10D9C00008602068006820F4004021680860204654
:10D9D000F5F7B2FD08B1F4F723FA70BD005400402A
:10D9E000140B002000580040680B0020C0F8B01451
:10D9F0009FED060A00F5806282ED2D0A0022C0F834
:10DA0000BC24C0F8B824C0F8C0247047000000004F
:10DA1000002002490968C86370470000900E00208A
:10DA2000034A12689062024A1268D163704700008C
:10DA3000900E002010B504461A48007840B91A48E4
:10DA4000007828B91748047064201749087028E046
:10DA50001448007838B914480078401E12490870FC
:10DA6000FFF7D6FF1DE011480078401C0F490870F1
:10DA700008460078322802DAFFF7CAFF11E00B48A7
:10DA80000078642805DA47F230510120FFF7C8FF1B
:10DA900007E000200549087002480078401E01494F
:10DAA000087010BD17030020180300201903002080
:10DAB0002DE9F05F0546884691469A46DDF828B084
:10DAC0007DB1B8F1000F0CD0B9F1000F09D0BAF157
:10DAD000000F06D0BBF1000F03D00B9808B10C98D3
:10DAE00008B9BDE8F09F002600270024288A698A2B
:10DAF000401A04B2002C03DA41F6FF70204404B24D
:10DB0000204604EBD0712A8AA2EB61010CB2B4F575
:10DB1000005F04DBA4F5F850FF3804B205E0002CE8
:10DB200003DA41F6FF70204404B2A8F80040B8F8C8
:10DB30000010288A03F04EFF8AED000AB8F80010A2
:10DB4000688A03F047FF8BED000A95ED020ADFEDCE
:10DB5000370A80EE201ABDEEC10A10EE100A04B298
:10DB6000A88A001B06B295ED030ADFED300A80EEAD
:10DB7000201ABDEEC10A10EE100A04B2E88A001B9A
:10DB800007B2B6F5005F04DBA6F5F850FF3806B221
:10DB900005E0002E03DA41F6FF70304406B2B7F517
:10DBA000005F04DBA7F5F850FF3807B205E0002F4F
:10DBB00003DA41F6FF70384407B2F01B04B2B4F543
:10DBC000805F04DDA4F5F850FF3804B206E014F5D8
:10DBD000805F03DA41F6FF70204404B2204604EB74
:10DBE000D071A6EB61010CB2B4F5005F04DBA4F5C3
:10DBF000F850FF3804B205E0002C03DA41F6FF705C
:10DC0000204404B2A9F80040B9F80010A88A03F033
:10DC1000E1FE0B9880ED000AB9F80010E88A03F0E5
:10DC2000D9FE0C9880ED000A00BF5AE7DB0F493A95
:10DC3000F8B50024002500BF69E004EB840303EB82
:10DC4000C403344E33441B7903F07F0204EB840396
:10DC500003EBC4033344D3F805102F4BE81801F04D
:10DC6000A9FF04EB840000EBC400314608440079AE
:10DC700000F07F0005EB800085B22749681801227B
:10DC8000694601F097FF9DF8000004EB840101EB69
:10DC9000C401324650549DF8010004EB840101EBAD
:10DCA000C401114448709DF8020004EB840101EBAB
:10DCB000C401114488709DF8030004EB840101EB5A
:10DCC000C4011144C870281D85B204EB840000EB28
:10DCD000C40011460844C078552816D004EB8400CF
:10DCE00000EBC4000844D0F8090070B104EB8400D4
:10DCF00000EBC4000844007920F08000803004EB81
:10DD0000840101EBC40111440871601CC4B2052CEC
:10DD100093DBF8BD5C79002000000A087CB506465C
:10DD20000D463446ADB994ED042AF0EE421A94ED56
:10DD3000032AB0EE421A94ED022AF0EE420A94ED64
:10DD4000012AB0EE420A6188208804F0D1FD00204B
:10DD50007CBD012D16D104F11000011F0B1F221DE7
:10DD6000CDE90010A11C204601F0EEFA18B1FFF732
:10DD70004FFE0120ECE744F61F611F20FFF750FE25
:10DD80000020E5E70020E3E770B506460C4635467F
:10DD900034B9294605F10C00F8F70CFD002070BDE0
:10DDA000012C1ED1104A294605F10C00F8F7C4FCDD
:10DDB0000D48008844F62061884209DD00200A49A8
:10DDC0000880FFF725FE2420F9F7D4FF0120E6E7BD
:10DDD000F9F7F8FF42F210715F20FFF721FE0020F3
:10DDE000DDE70020DBE700004A01002070B50546B2
:10DDF0000E462C460EB9012070BD0020207001F0A7
:10DE0000B3FFBDEEC00A10EE100A0A3040B2E07057
:10DE100094F903002D2801DD2D20E07043F2390034
:10DE2000A4F80100B3EE060A10EE100A60600120AB
:10DE3000E2E7000010B5002400BF26E02748015D9E
:10DE400004EB840000EBC400254A1044007961F320
:10DE5000060004EB840101EBC40111440871214860
:10DE600050F8240004EB840101EBC4011144C1F813
:10DE700005001D4850F8240004EB840101EBC401A7
:10DE80001144C1F80900601CC4B2052CD6DBFFF7B1
:10DE9000CFFE00241FE004EB840000EBC400104917
:10DEA0000844C078552814D104EB840000EBC4006A
:10DEB0000844D0F8090060B10A4951F8240004EB85
:10DEC000840101EBC401064B1944D1F8092000215B
:10DED0009047601CC4B2052CDDDB10BD1C01002086
:10DEE0005C790020080100202401002000B58BB0DF
:10DEF0000120099000200790012008900020019047
:10DF00000290039004900690059001A90C48F4F744
:10DF10009DFA0B48F4F7A1FF02210948F4F7D6F95E
:10DF20000E200A90069001A90648F4F78FFA0548DA
:10DF3000F4F793FF02210348F4F7C8F90BB000BDD2
:10DF40001C040020440400202DE9F04107460C4643
:10DF500015461E4617B10CB105B10EB9BDE8F081EA
:10DF60002B48007830B933462A462146384601F01E
:10DF7000D5F94BE026480078012806D133462A46D9
:10DF80002146384600F0C0FC40E0214800780228D5
:10DF900006D133462A462146384600F065FB35E077
:10DFA0001B480078032806D133462A4621463846C6
:10DFB00000F018FA2AE016480078042806D1334603
:10DFC0002A462146384600F08BFC1FE010480078B6
:10DFD000052806D133462A462146384600F0AAFCD9
:10DFE00014E00B480078062806D133462A4621461D
:10DFF000384600F0DFFE09E005480078072805D123
:10E0000033462A462146384600F094FC00BFA5E777
:10E010006001002010B5044604B910BD2068807A64
:10E02000012802D1274908700EE02068807A022872
:10E0300003D101202349087006E02068807A032874
:10E0400002D107201F49087002F09AFB10B101208D
:10E050001C4908701B48007810B9032020742FE079
:10E0600018480078012802D10220207428E01548C1
:10E070000078022802D10020207421E011480078A5
:10E08000032802D1012020741AE00E4800780428E9
:10E0900002D10220207413E00A480078052802D13A
:10E0A000032020740CE007480078062802D10420E1
:10E0B000207405E003480078072801D1052020746A
:10E0C00000BFAAE76001002030B52DED088B85B0B8
:10E0D00005469FEDC30AB0EE408A9FEDC10AB0EE3F
:10E0E000409A9FEDBF0AF0EE408A00200190029016
:10E0F000039004900024D5ED801AB0EE611AD5ED9E
:10E100007F1AF0EE610AD5ED7E1AB0EE610A01A821
:10E1100001F0DCF8287C03281AD100BF12E001A826
:10E1200000EB840090ED000ABDEEC00A10EE100A6C
:10E1300001B204EB840205F1140000EB82000182BD
:10E14000601CC4B2042CEADB05B0BDEC088B30BD0A
:10E15000287C05287DD19FEDA20A85ED120A9FED4E
:10E16000A00A85ED170A95ED7E0AB1EE400A85ED0D
:10E17000080A95ED7E0A85ED0D0A002427E004EBE0
:10E18000840205F1140000EB820090ED030A10EE0A
:10E19000101A084607F076FA41EC1B0BB0EE4B0A5A
:10E1A000F0EE6B0AFEF7CCFDB0EE40AAF0EE60AAEE
:10E1B00051EC1A0B06F0B6FA08EE900AB4EEE88AB3
:10E1C000F1EE10FA01D2B0EE688A601CC4B2022CE3
:10E1D000D5DBB7EE000AB4EEC08AF1EE10FA1DDD11
:10E1E000B7EE000AC0EE080AB0EE609A002413E011
:10E1F00004EB840105F1140000EB810090ED030AAB
:10E2000020EE090A04EB840105F1140000EB810003
:10E2100080ED030A601CC4B2022CE9DB00241FE07D
:10E2200004EB840205F1140101EB820191ED031A64
:10E23000F0EE410A04EB840205F1140101EB8201C6
:10E2400091ED021AB0EE410A04EBC40205F164013B
:10E2500000E025E001EBC200F9F7F0FB601CC4B25E
:10E26000022CDDDB284600F093FB002415E004EBD4
:10E27000C40105F1640000EBC10090ED080ABDEE99
:10E28000C00A10EE100A01B204EB840205F114007A
:10E2900000EB82000182601CC4B2022CE7DB53E772
:10E2A000002434E001A800EB840090ED000A04EBA8
:10E2B000840105F1140000EB810080ED030A04EBFA
:10E2C000840205F1140000EB820090ED030A10EEC9
:10E2D000101A084607F0D6F941EC1B0BB0EE4B0ABA
:10E2E000F0EE6B0AFEF72CFDB0EE40AAF0EE60AA4D
:10E2F00051EC1A0B06F016FA08EE900AB4EEE88A12
:10E30000F1EE10FA01D2B0EE688A601CC4B2042C9F
:10E31000C8DBB1EE000AB4EEC08AF1EE10FA1DDDE2
:10E32000B1EE000AC0EE080AB0EE609A002413E0D5
:10E3300004EB840105F1140000EB810090ED030A69
:10E3400020EE090A04EB840105F1140000EB8100C2
:10E3500080ED030A601CC4B2042CE9DB00241DE03C
:10E3600004EB840205F1140101EB820191ED031A23
:10E37000F0EE410A04EB840205F1140101EB820185
:10E3800091ED021AB0EE410A04EBC40205F16401FA
:10E3900001EBC200F9F752FB601CC4B2042CDFDBB6
:10E3A000284600F0F5FA002415E004EBC40105F15D
:10E3B000640000EBC10090ED080ABDEEC00A10EE4B
:10E3C000100A01B204EB840205F1140000EB820094
:10E3D0000182601CC4B2042CE7DB00BFB4E600007D
:10E3E000000000002DE9F04106460F4615461C4688
:10E3F00016B10FB105B10CB9BDE8F081224639461E
:10E40000304600F0ADFBD4ED830A2068B0F904007B
:10E4100001EE100AB8EEC11ADFED071A41EEC10A8B
:10E42000B0EE600A9FED051ADFED050A03F058FA19
:10E4300085ED000A00BFDFE7BD370636DB0F494038
:10E44000DB0F49C070B5044604B970BD2068007D7B
:10E4500000F01000A8B12068007D00F0200080B11D
:10E46000B7EE080A84ED840ABFEE080A84ED850A37
:10E47000B7EE080A84ED860ABFEE080A84ED870A23
:10E480003BE02068007D00F0100080B19FED6D0A38
:10E4900084ED840A9FED6C0A84ED850A9FED690A7C
:10E4A00084ED860A9FED680A84ED870A25E02068DE
:10E4B000007D00F0200080B19FED640A84ED840AA5
:10E4C0009FED630A84ED850A9FED600A84ED860A5C
:10E4D0009FED5F0A84ED870A0FE0B7EE080A84ED2E
:10E4E000840ABFEE080A84ED850AB7EE080A84EDB7
:10E4F000860ABFEE080A84ED870A002500BF2DE0DA
:10E5000005EB850104F1140050F82100B0F9020078
:10E5100000EE100AB8EEC00ADFED4E0A20EE200A27
:10E5200005EB850104F1140000EB810080ED020A87
:10E5300005EBC50104F1640000EBC10090ED0C0A8D
:10E54000DFED450A20EE200A05EB850104F11400F9
:10E5500000EB810080ED010A681CC5B2042DCFDB01
:10E5600094ED070AB1EE400AD4ED0C0A30EE200A11
:10E57000D4ED110A30EE200AD4ED160A30EE600A0E
:10E58000F5EE000A20EE200A84ED7B0A94ED070ADE
:10E59000B1EE400AD4ED0C0A30EE600AD4ED110A57
:10E5A00030EE200AD4ED160A30EE200AF5EE000A0D
:10E5B00020EE200A84ED7C0A94ED070AB1EE400AB1
:10E5C000D4ED0C0A30EE600AD4ED110A30EE600A88
:10E5D000D4ED160A30EE600AF5EE000A20EE200AAD
:10E5E000DFED1E0A80EE201A84ED7D1AE068D0ED82
:10E5F000000A606890ED2E1A70EEC10AB0EE600A53
:10E600009FED171ADFED170A03F06AF984ED880A07
:10E61000E068D0ED010AA06890ED2E1A70EEC10AF4
:10E62000B0EE600A9FED0E1ADFED0E0A03F058F906
:10E6300084ED890AE06890ED020A84ED8A0A00BF41
:10E6400003E700006666E63F6666E6BFCDCC4C3F5A
:10E65000CDCC4CBF0A01DA390000FA43CDCC4C3E98
:10E66000DB0F4940DB0F49C02DE9F04107460E465C
:10E6700015461C4617B10EB105B10CB9BDE8F081C5
:10E6800022463146384600F06BFA2068007D00F0E3
:10E69000200058B13248007858B90120304908703C
:10E6A0009FED300A304880ED000A02E000202C493E
:10E6B00008702068007D00F0040070B92068007DBB
:10E6C00000F0080048B92068007D00F0010020B982
:10E6D0002068007D00F0020028B19FED240A244844
:10E6E00080ED000A04E09FED230A214880ED000A36
:10E6F0001B480078B0B11C4890ED000AF1F770FE9D
:10E700001B48D0ED000A20EE200A1B4880ED000ACD
:10E71000154890ED000ADFED190A30EE200A80ED71
:10E72000000A04E09FED0F0A134880ED000A0E482E
:10E7300090ED000ADFED120AB4EEE00AF1EE10FAF5
:10E7400007DD90ED000ADFED0E0A30EE600A80ED85
:10E75000000A094890ED000A85ED000A00BF8DE728
:10E760008001002000000000740100207CD9A03E40
:10E770007C0100203333333F780100207C5944442E
:10E78000DB0FC94070B5044604B970BD0520207484
:10E7900001F0E0FA206001F02DFAE06001F01AFBD0
:10E7A000606001F0D3FAA060002517E0284601F070
:10E7B00099FA05EB850204F1140141F8220005EBFA
:10E7C000C502503101EBC200DFED1C0A9FED1C0AAF
:10E7D0001C4A0021F9F750FA681CC5B2042DE5DB8C
:10E7E000DFED190AB1EE080A184A002104F5C270DB
:10E7F000F9F742FA16499FED170A04F5E67001F0A1
:10E80000C7F915499FED130A04F5EE7001F0C0F940
:10E81000B7EE080A84ED840ABFEE080A84ED850A83
:10E82000B7EE000A84ED860ABFEE000A84ED870A7F
:10E830002046FFF707FE00BFA7E700000000FA44EC
:10E8400000007A46545B0108CDCC4C3E605B010869
:10E850006C5B01086F12033B705B010800B97047E5
:10E86000417C027C914200D1F9E7417C31B1017CCD
:10E8700021B99FED1A0A80ED820A2AE0417C012924
:10E8800007D0017C012904D190ED880A80ED830A2C
:10E890001FE0417C022907D0017C022904D190EDC0
:10E8A000880A80ED830A14E0417C042907D0017CAA
:10E8B000042904D190ED880A80ED830A09E0417CA7
:10E8C000052906D0017C052903D190ED880A80ED49
:10E8D000830A017C417400BFC1E700000000000012
:10E8E0002DE9F04107460D4616461C4617B10DB1FD
:10E8F00006B10CB9BDE8F08122462946384600F041
:10E900002FF9002600BFF5E710B109B102B103B934
:10E9100070479FED070A80ED000A9FED050A81ED23
:10E92000000A9FED030A82ED000A00BFF0E7000035
:10E930000000000010B510B109B102B103B910BD5B
:10E940001C68B4F9024004EB8404640000EE104A31
:10E95000B8EEC00A80ED000A1C68B4F900406442B9
:10E9600004EB8404640000EE104AB8EEC00A81EDA6
:10E97000000A1C68B4F90440644204EB8404640097
:10E9800000EE104AB8EEC00A82ED000A00BFD6E7DA
:10E9900070B52DED0A8B82B004469FED680A8DEDAF
:10E9A000010A9FED660A8DED000A9FED640AF0EE04
:10E9B000408A9FED620AB0EE408A01F0CFF9054629
:10E9C0000B2004F05BFB20B19FED5D0AF0EE408A66
:10E9D0005BE0022D02D00C2D00D025B99FED580A26
:10E9E000F0EE408A51E0694601A801F087F99DEDFB
:10E9F000000ADFED540AB4EEE00AF1EE10FA18D284
:10EA0000DDED000AB1EE041AF4EEC10AF1EE10FADF
:10EA100006DDDDED000A9FED4B1A80EE810A01E074
:10EA20009FED490ADFED490A60EE200AF0EE608AA8
:10EA30002BE09DED010ADFED460AB4EEE00AF1EEAF
:10EA400010FA1EDDDDED010A9FED421AF4EEC10A57
:10EA5000F1EE10FA0AD2DDED010A9FED3E1A71EED9
:10EA6000600A9FED3B1A80EE810A01E09FED330AB8
:10EA7000DFED360A9FED381A41EE000AF0EE608AAB
:10EA800003E09FED360AF0EE408A9FED2C0AB0EECF
:10EA9000408A00262AE006EBC60204F1640000EB7F
:10EAA000C20090ED080A10EE101A084606F0EAFDC2
:10EAB00041EC1C0BB0EE4C0AF0EE6C0AFEF740F98C
:10EAC000B0EE40AAF0EE60AA18EE100A06F0DAFDE9
:10EAD00041EC1B0B53EC1A2B05F086FF41EC190B94
:10EAE00005F020FE08EE100A701CC6B2042ED2DB20
:10EAF000B4EEE88AF1EE10FA1CDDC8EE880AB0EE3A
:10EB0000600AD4ED210A60EE800AC4ED210AD4ED3A
:10EB1000330A60EE800AC4ED330AD4ED450A60EE94
:10EB2000800AC4ED450AD4ED570A60EE800AC4EDB0
:10EB3000570A00BF02B0BDEC0A8B70BD0000000098
:10EB400000007A4700004842CDCCCC3D00007A4618
:10EB5000000020420000A04200409C4600A00C475C
:10EB60002DE9F0412DED028B0746884614461CB175
:10EB700017B1B8F1000F03D1BDEC028BBDE8F081F5
:10EB80002068B0F902000A2805DC2068B0F902000C
:10EB900010F10A0F03DA2068B0F9026000E00026E5
:10EBA0002068B0F900000A2805DC2068B0F90000F0
:10EBB00010F10A0F03DA2068B0F9005000E00025D8
:10EBC0002068007D00F0040058B194ED850ADFED67
:10EBD0006E0A80EE201ABDEEC10A10EE100A06B2CF
:10EBE0000FE02068007D00F0080050B194ED840A29
:10EBF000DFED650A80EE201ABDEEC10A10EE100AA4
:10EC000006B22068007D00F0010058B194ED870A3B
:10EC1000DFED5E0A80EE201ABDEEC10A10EE100A8A
:10EC200005B20FE02068007D00F0020050B194EDC5
:10EC3000860ADFED560A80EE201ABDEEC10A10EEFC
:10EC4000100A05B25248D0F8C0045149D1F8B014A6
:10EC5000884206DA00EE106AB8EEC00A4C4800F0AE
:10EC6000FBFE4C48D0F8C0044A49D1F8B0148842A1
:10EC700006DA00EE105AB8EEC00A464800F0ECFE84
:10EC80004348D0F8C0044249D1F8B014884202DBAE
:10EC90003F4800F025FC3F48D0F8C0043D49D1F87A
:10ECA000B014884202DB3B4800F01AFC3A48D0ED31
:10ECB0002D0A3748D0F8B00400EE100AB8EEC00AAA
:10ECC00080EE801ABDEEC10A10EE100A06B233487B
:10ECD000D0ED2D0A2F48D0F8B00400EE100AB8EE9F
:10ECE000C00A80EE801ABDEEC10A10EE100A05B20D
:10ECF000704200EE100AB8EEC00ADFED230A20EEE3
:10ED0000208A00EE105AB8EEC00ADFED200A60EE4D
:10ED1000208AB0EE480A04F5E67000F00FFFB0EE6E
:10ED2000680A04F5EE7000F009FF9FED1D0AB4EECD
:10ED3000C08AF1EE10FA0AD29FED1A0AB4EEC08A28
:10ED4000F1EE10FA03DD9FED180A84ED740A9FEDD1
:10ED5000170AF4EEC08AF1EE10FA0AD29FED140AF7
:10ED6000F4EEC08AF1EE10FA03DD9FED0F0A84ED98
:10ED7000780A94ED740A87ED000A94ED780A88ED1C
:10ED8000000A00BFF8E60000A69BC43B0AD7A3BB5D
:10ED9000587C00201C810020588000201C85002009
:10EDA00090C2753D90C275BD00000000CCCC4C3DBA
:10EDB000CCCC4CBD2DE9F0412DED028B05460E4625
:10EDC00017461C46B1EE060A614880ED000A15B1EF
:10EDD0000EB107B11CB9BDEC028BBDE8F081206813
:10EDE000808A00F48040D0B1594890ED000AF0EEDE
:10EDF000000A30EE200A80ED000A006806F042FCAE
:10EE000041EC180B9FED530B53EC102B06F007F958
:10EE100024D2B1EE0E0A4E4880ED000A1EE02068B2
:10EE2000808A00F40040C8B1494890ED000AF0EE35
:10EE3000000A30EE600A80ED000A006806F022FC4D
:10EE400041EC180B9FED450B53EC102B05F00CFF1C
:10EE500004D2B0EE0C0A3E4880ED000A2068007D26
:10EE600000F0040028B19FED3F0A3F4880ED000A02
:10EE70000FE02068007D00F0080028B19FED3B0AFC
:10EE8000394880ED000A04E09FED390A364880EDEC
:10EE9000000A2068007D00F0010028B19FED310AD2
:10EEA000344880ED000A0FE02068007D00F0020089
:10EEB00028B19FED2E0A2F4880ED000A04E09FED57
:10EEC0002C0A2C4880ED000A606890ED2E0A2A4832
:10EED00080ED000A90ED000AF1F746FA2248D0EDE5
:10EEE000000AF1EE600AF1EE600A20EE208A224864
:10EEF00090ED000AF1F774FA1E48D0ED000AF1EE29
:10EF0000600A00EEC08A85ED008A1B4890ED000A79
:10EF1000F1F766FA1448D0ED000AF1EE600AF1EE5E
:10EF2000600A20EE208A144890ED000AF1F71CFADE
:10EF30001048D0ED000AF1EE600A00EE808A86EDFE
:10EF4000008A034890ED000A87ED000A00BF42E7FF
:10EF5000640100200000000000001E4000000000CE
:10EF600000000C409A99993E6C0100209A9999BE34
:10EF700000000000680100207001002010B52DED98
:10EF8000028B84B004461CB904B0BDEC028B10BDEA
:10EF90009FEDA90A8DED030A9FEDA70A8DED020AE8
:10EFA0009FEDA50A8DED010A234601AA02A903A837
:10EFB000FEF7CAFF207C002870D19FED9F0AB0EEBB
:10EFC000408A9FED9D0AF0EE408A6068D0ED2E0ADF
:10EFD000F1EE600AB0EE600AF1F702FAB0EE408A94
:10EFE0006068D0ED2E0AF1EE600AB0EE600AF1F72B
:10EFF000BBF9F0EE408A9DED030A28EE800ADDEDB4
:10F00000020A08EE200A84ED7E0AB1EE480ADDED20
:10F01000030A20EE200ADDED020A08EEA00A84EDC4
:10F020007F0A9FED861ADFED860A9DED010A02F048
:10F0300057FC84ED820A94ED821AF0EE410A606872
:10F0400090ED2E1AB0EE410A04F5C270F8F7F6FC06
:10F05000B1EE400A84ED800AD4ED841AB0EE611A54
:10F06000D4ED851AF0EE610AD4ED7E1AB0EE610A95
:10F0700000F0AAFD84ED7E0AD4ED861AB0EE611A86
:10F08000D4ED871AF0EE610AD4ED7F1AB0EE610A72
:10F0900000F09AFD84ED7F0ACBE0FFE7207C012899
:10F0A00044D19FED650AB0EE408A9FED641ADFED12
:10F0B000640A9DED010A02F013FC84ED830AD4ED8D
:10F0C000830A94ED881A70EEC10AB0EE600A9FEDD3
:10F0D0005B1ADFED5B0A02F003FCB0EE408AF0EE53
:10F0E000480A9FED550A04F5C270F8F7A7FC84EDB5
:10F0F000800A94ED840AB0EE401A94ED850AF0EE91
:10F10000400A9DED030A00F05FFD84ED7E0A94ED58
:10F11000860AB0EE401A94ED870AF0EE400A9DEDA3
:10F12000020A00F051FD84ED7F0A82E0207C022873
:10F1300020D19DED010A84ED800A94ED840AB0EEA1
:10F14000401A94ED850AF0EE400A9DED030A00F0A6
:10F150003BFD84ED7E0A94ED860AB0EE401A94EDF4
:10F16000870AF0EE400A9DED020A00F02DFD84EDC5
:10F170007F0A5EE0207C032814D19DED030A84ED14
:10F180007E0A9DED020A84ED7F0A9DED010A84ED61
:10F19000800A9FED290A84ED740A9FED270A84ED09
:10F1A000780A46E0207C042820D19DED010A84EDF8
:10F1B000800A94ED840AB0EE401A94ED850AF0EED0
:10F1C000400A9DED030A00F0FFFC84ED7E0A94EDF9
:10F1D000860AB0EE401A94ED870AF0EE400A9DEDE3
:10F1E000020A00F0F1FC84ED7F0A22E0207C052871
:10F1F0001FD19DED010A84ED800A94ED840AB0EEE2
:10F20000401A94ED850AF0EE400A9DED030A00F0E5
:10F21000DBFC84ED7E0A94ED860AB0EE401A94ED94
:10F22000870AF0EE400A9DED020A00F0CDFC84ED65
:10F230007F0A00BFA8E6000000000000DB0F494085
:10F24000DB0F49C010B5044604B910BD2046FEF7D7
:10F25000E1FE00BFF9E7000040F2651004F098F904
:10F260001648FFF78FFA64211548FEF7BFFB6421AB
:10F270001448FEF7BBFB1FE01048FFF7E3FF0F4801
:10F28000FFF7ECFA0D48FFF7DDF80C48FFF776FEC4
:10F290000A48FEF719FF094AB2F93810B2F92400FA
:10F2A00000231A46F2F70CF8022004F071F900204E
:10F2B00003F0EEFF04490860DEE700002C7A00202E
:10F2C000587C00201C81002084010020F1EE401AAF
:10F2D00071EEE01A9FED102A42EE011AC0ED001AFD
:10F2E00070EE601A9FED0C2A42EE011AC0ED011A71
:10F2F00070EE201A9FED082A42EE011AC0ED021AA4
:10F30000F1EE401A71EEA01A9FED032A42EE011AA7
:10F31000C0ED031A70470000CDCC4CBE10B109B14E
:10F3200002B103B970479FED070A80ED000A9FED17
:10F33000050A81ED000A9FED030A82ED000A00BF75
:10F34000F0E70000000000002DE9FE4380468946FA
:10F3500014461D46DDE90A673E4890F8E40160BBAB
:10F3600001213C4880F8E41190ED6B0A80ED750AAC
:10F37000D0F8EC0001883748A0F8E01190ED330A8E
:10F3800080ED730AC06801883248A0F8DC1190ED66
:10F390006B0A80ED760AD0F8EC0001882D48A0F8C1
:10F3A000E21190ED330A80ED740AC06801882948A3
:10F3B000A0F8DE110020BDE8FE83264890F8E401A5
:10F3C000052845D123464A46414623488DE8E000BA
:10F3D000FEF76EFB94ED000ADFED200A30EE600AC6
:10F3E00084ED000A95ED000ADFED1C0A30EE200ADC
:10F3F00085ED000A96ED000ADFED180A30EE600A8E
:10F4000086ED000A97ED000ADFED140A30EE200ABF
:10F4100087ED000AB8F800100E48A0F8BA1094ED75
:10F42000000A80ED2F0A95ED000A80ED300AB9F848
:10F430000010A0F89A1196ED000A80ED670A97ED8A
:10F44000000A80ED680A002180F8E4110120B2E78B
:10F450000020B0E710890020DC8A0020CDCCCC3D14
:10F46000074800680749B0FBF1F0074908700448F5
:10F4700000684FF47A71B0FBF1F0044908607047FE
:10F480006800002040420F00E8000020EC0000204F
:10F4900070B50346002400210020002200254FF013
:10F4A000E02675690D4E367803FB06F44FF0E02632
:10F4B000B16910E04FF0E026B06988420BD0884275
:10F4C00002D20E1A324402E02E1A0E443244014691
:10F4D000A24200D300E0EDE700BF70BDE8000020CD
:10F4E000D0F8BC14491CC0F8BC14D0F8B024D0F833
:10F4F000BC14914202DB0021C0F8BC1400F580610D
:10F5000091ED2D0AD0F8BC1400EB8101D1ED000A79
:10F5100030EE600A00F5806181ED2D0AD0F8C0144C
:10F52000491EC0F8C014704710B5044604EBC4006F
:10F53000454901EB8000006804EBC401424A02EB3C
:10F540008101486004F094FE04EBC4013E4A02EBE2
:10F550008101086004EBC400114601EB8000C07C0F
:10F56000C0F38010B0B104EBC40001EB8000C07C9C
:10F5700020F0400004EBC40102EB8101C87404EBED
:10F58000C400114601EB8000006804EBC40102EBEB
:10F590008101C86004EBC4002B4901EB8000806945
:10F5A00090B304EBC401284A02EB810188698047CB
:10F5B00058B304EBC400244901EB8000C07C20F068
:10F5C0002000203004EBC4011F4A02EB8101C87403
:10F5D00004EBC400114601EB8000C07C20F08000E9
:10F5E000803004EBC40102EB8101C87404EBC40059
:10F5F000114601EB8000006A28B304EBC40102EB62
:10F600008101086A80471EE00FE0FFE704EBC400B9
:10F610000D4901EB8000C07C20F0800004EBC401A8
:10F62000094A02EB8101C8740DE004EBC4000649ED
:10F6300001EB8000C07C20F0800004EBC401024A92
:10F6400002EB8101C87410BDE085002010B596B0B2
:10F65000044654225A4901A8F0F7D7FF00209FE042
:10F6600000EB400101AA32F8112000EBC001554B1C
:10F6700003EB8101098A62F30B0100EBC00203EB8B
:10F680008202118200EB400101AA02EB41014A888B
:10F6900000EBC00103EB8101B1F8111062F30F110F
:10F6A00000EBC00203EB8202A2F8111000EB400154
:10F6B00001AA02EB4101097900EBC00203EB8202CF
:10F6C000D27C61F3440200EBC00103EB8101CA74F8
:10F6D000002100EBC00203EB8202916100EBC0024B
:10F6E00003EB8202D16100EBC00203EB82021162E4
:10F6F00000EBC0011A4602EB8101C97C21F0010137
:10F70000491C00EBC00203EB8202D17400EBC00184
:10F710001A4602EB8101C97C21F02001203100EB67
:10F72000C00203EB8202D17400EBC0011A4602EB67
:10F730008101C97C21F04001403100EBC00203EBA4
:10F740008202D17400EBC0011A4602EB8101C97C30
:10F7500021F08001803100EBC00203EB8202D17402
:10F760009FED190A10EE101A00EBC00203EB8202A3
:10F77000516100EBC0011A4602EB81010C6000EB05
:10F78000C00102EB81014C6000EBC00102EB810182
:10F790008C6000EBC00102EB8101CC60411CC8B25F
:10F7A0000E28FFF65DAF00210648C0F8EC110749AE
:10F7B000C0F8F0110021C0F8F41116B010BD00001F
:10F7C000745B0108E0850020000000003D77000820
:10F7D00004F04EFD9B49086008460068FFF736FFBD
:10F7E000392003F0D5FE2CE104F042FD9549086074
:10F7F0000E2095490870954890F80B0220F04001C2
:10F80000924880F80B1290F80B0220F020018F48EC
:10F8100080F80B12002409E104EBC4008B4901EBD2
:10F820008000C07C00F0010000B9FEE004EBC400E1
:10F83000864901EB8000006882490968081A04EBD8
:10F84000C401824A02EB8101098AC1F30B0188429B
:10F8500060D904EBC400114601EB8000C07CC0F30A
:10F86000401008BB04EBC40001EB8000C07C20F01A
:10F870004000403004EBC40102EB8101C87404EB8A
:10F88000C400114601EB8000C07C20F02000203035
:10F8900004EBC40102EB8101C8746A48006804EB00
:10F8A000C40102EB8101886004EBC400674901EBED
:10F8B0008000C07CC0F343006349097801EBC101BB
:10F8C000624A02EB8101C97CC1F34301884201DD38
:10F8D0005D490C705D4890F80B0220F0400040300C
:10F8E0005A4981F80B02084690F80B0220F02000DC
:10F8F000203081F80B0204EBC40001EB8000C069EA
:10F90000002806D004EBC401504A02EB8101C8690B
:10F91000804789E004EBC4004C4901EB8000C068DB
:10F9200048490968081A04EBC401484A02EB8101FE
:10F93000B1F81110B0EB111F1BD204EBC40011463B
:10F9400001EB8000C07C20F0400004EBC40102EB1E
:10F950008101C87404EBC400114601EB8000C07C37
:10F9600020F02000203004EBC40102EB8101C874B8
:10F970005AE004EBC400354901EB8000C07C20F064
:10F98000400004EBC401314A02EB8101C87404EB6E
:10F99000C400114601EB8000C07CC00968B104EBD3
:10F9A000C40001EB8000C07C20F02000203004EB7C
:10F9B000C40102EB8101C8740DE004EBC4002349CB
:10F9C00001EB8000C07C20F0200004EBC4011F4A42
:10F9D00002EB8101C87404EBC4001C4901EB8000F8
:10F9E000006804EBC401194A02EB810149688842AE
:10F9F0001AD904EBC400114601EB8000006804EB47
:10FA0000C40102EB81014968401A00EE100AF8EEC9
:10FA1000400A9FED0F1A81EE200A10EE100A04EB47
:10FA2000C40102EB8101486100BF641C0E2CFFF68B
:10FA3000F3AE0A2003F0ACFD002003F029FC0549D9
:10FA40000860D1E69401002098010020E0850020A4
:10FA500000007A4490010020D0F8B814491CC0F886
:10FA6000B814D0F8B024D0F8B814914202DB0021C9
:10FA7000C0F8B814D0F8B81400EB810181ED000A89
:10FA800000F58061D1ED2D0A70EE800AC1ED2D0ADE
:10FA9000D0F8C014491CC0F8C01470472DE9F047D5
:10FAA000044688461546FCF789FF824672B6B8F1CF
:10FAB000000F00D13CE0A06800B939E061686069DE
:10FAC000884201D920686061A068A84201DD28460B
:10FAD00000E0A068054661696068401A461CAE42B5
:10FAE00009DB2E46324641466069F0F749FD606900
:10FAF000304460610FE0A5EB06093246414660697B
:10FB0000F0F73EFD08EB06014A462068F0F738FDA5
:10FB1000206848446061A068401BA060E0682844F9
:10FB2000E0602F465046FDF749F93846BDE8F087BA
:10FB30005046FDF743F94FF0FF30F7E710EE101A8B
:10FB40000160816800EE901AC16801EE101A70EE33
:10FB5000811A816800EE901A80EEA11A416800EEC9
:10FB6000901A61EE200A816801EE101AC16801EE58
:10FB7000901A31EE212A01EE101AC1EE021A016824
:10FB800001EE101A41EE810A10EE901A41607047A2
:10FB900010EE102AC2600A688260DFED050A10EEDE
:10FBA000902A0260DFED020A10EE902A4260704750
:10FBB0000000000070B504460D461646B20021460E
:10FBC0002846F0F7DDFC70BDF0EE401AF4EEE01AC6
:10FBD000F1EE10FA02D2B0EE600A7047F4EEC11AEC
:10FBE000F1EE10FA02DDB0EE410AF6E7B0EE610A7E
:10FBF000F3E7000000487047208C00202DE9F04119
:10FC000004460D4616461F4614B10DB106B10FB994
:10FC1000BDE8F081D4ED010A94ED031A60EE810A8B
:10FC200094ED001AD4ED021A41EE610AB8EE001A02
:10FC300060EE810AB0EE600AF0F702FF86ED000A7E
:10FC400094ED001A21EE011AD4ED011A94ED012A67
:10FC500001EE821AF7EE001AB0EE002A52EE011AF7
:10FC6000F0EE610A94ED001AD4ED031A21EE211A88
:10FC7000D4ED011A94ED022A01EE821AF0EE001A78
:10FC800021EE211AB0EE410AF0F7E6FE85ED000AFA
:10FC900094ED001A21EE011AD4ED031A94ED032A13
:10FCA00001EE821AF7EE001AB0EE002A52EE011AA7
:10FCB000F0EE610A94ED001AD4ED011A21EE211A3A
:10FCC000D4ED021A94ED032A01EE821AF0EE001A26
:10FCD00021EE211AB0EE410AF0F7BEFE87ED000AD0
:10FCE00000BF95E7014601F0030000EB8000024AE7
:10FCF00002EB400070470000A0790020054A5268DE
:10FD00000260044A128900EE102AB8EE400A81ED22
:10FD1000000A704783950020014890F9030070475E
:10FD20000001002000487047E0850020004870472F
:10FD3000E679002000487047F079002000487047BD
:10FD4000EC8B002000487047D279002000487047B3
:10FD5000FC890020004870472C8C00200148007866
:10FD6000704700006895002010B52DED028B002033
:10FD700008EE900A10210F48FDF71EFA08EE900ACF
:10FD8000B8EE680A0C48D0ED000A20EE200AB0EE6A
:10FD9000408A9FED0A0A78EE400A9FED091AB3EEF9
:10FDA000090A00EE810AB0EE408AB0EE480ABDECC6
:10FDB000028B10BD8C030020E40000205C8F423FCA
:10FDC0000000C84300487047DC79002000487047B5
:10FDD000C8790020004870471C89002010B52DED1F
:10FDE000048B0446B0EE408AF0EE608AB0EE419A91
:10FDF00024B99FED260ABDEC048B10BD84ED048A66
:10FE0000C4ED038A78EEC89A9FED211ADFED210A2E
:10FE1000B0EE690A01F064FD84ED050A94ED000A74
:10FE2000D4ED050A20EE200A84ED080A94ED090AB3
:10FE3000D4ED010A94ED051A00EE810A84ED090A59
:10FE400094ED020A20EE090A84ED0A0AD4ED070AAD
:10FE5000B0EE600A04F12400FCF7E8FF94ED080A14
:10FE6000D4ED090A30EE200AD4ED0A0A30EE200A59
:10FE700084ED0B0AD4ED060AB0EE600A04F12C0002
:10FE8000FCF7D4FF94ED0B0AB5E70000000000007A
:10FE9000DB0F4940DB0F49C000B970479FED090AED
:10FEA00080ED040A80ED030A80ED050A9FED050A46
:10FEB00080ED0A0A80ED090A80ED080A80ED0B0A40
:10FEC00000BFEAE70000000000B9704780ED001AAB
:10FED000C0ED011A80ED022ADFED062AC0ED052AE9
:10FEE000DFED042AC0ED042AC0ED070A80ED060A02
:10FEF00000BFEAE7000000002DE9F0412DED0A8B7C
:10FF000005460E4614460DB106B11CB9BDEC0A8B70
:10FF1000BDE8F0812068B0F904000A2805DC2068FB
:10FF2000B0F9040010F10A0F04DA206880886749EC
:10FF3000088002E00020654908802068B0F90600CA
:10FF40000A2805DC2068B0F9060010F10A0F04DA6F
:10FF50002068C0885E49088002E000205C49088073
:10FF60004FF0000800272068C07C012802D15949C1
:10FF7000086002E00020574908604FF000080027A1
:10FF80009FED558ADFED548A52480068002869D0F9
:10FF90005248006805F076FB41EC1C0B9FED500BBE
:10FFA00053EC102B04F09CFE41EC1A0B4748B0F9BF
:10FFB000000000EE100AB8EEC00ADFED4B0A20EE9A
:10FFC000200A2068B0F90C0000EE900AF8EEE00A72
:10FFD0009FED461A00EEC10A10EE101A084605F011
:10FFE00051FB41EC1B0B53EC1A2B04F0FDFC41ECD4
:10FFF000190B04F097FB28603D48006805F042FBB0
:020000040801F1
:1000000041EC1C0B9FED3B0B53EC102B04F068FEF6
:1000100041EC1A0B2E48B0F90000404200EE100AE5
:10002000B8EEC00ADFED350A20EE200A2068B0F9EC
:100030000E0000EE900AF8EEE00A9FED311A00EE95
:10004000C10A10EE101A084605F01CFB41EC1B0B10
:1000500053EC1A2B04F0C8FC41EC190B04F062FBC2
:10006000306030E01948B0F9000000EE100AB8EE38
:10007000C00ADFED1D0A20EE200A2068B0F90C004E
:1000800000EE900AF8EEE00A9FED181A00EEC10AA1
:1000900085ED000A0E48B0F90000404200EE100A5B
:1000A000B8EEC00ADFED150A20EE200A2068B0F98C
:1000B0000E0000EE900AF8EEE00A9FED111A00EE35
:1000C000C10A86ED000A00BF20E70000FA01002007
:1000D000FC01002000020020000000001C020020A3
:1000E000FCA9F1D24D62803FACC5A7B617B7513815
:1000F000180200207B14AE47E17A743F9C53C9B6C6
:1001000052491D3910B52DED028B0446B0EE408AE0
:1001100014B9BDEC028B10BDD4ED310A94ED301A48
:1001200070EEC10AB0EE600A9FED2F1ADFED2F0AC4
:1001300001F0D6FB2E4880ED000A94ED2E0AD0ED9A
:10014000000A30EE200A30EE080AD4ED2C0AB4EE94
:10015000E00AF1EE10FA11DDB5EEC08AF1EE10FA08
:100160002DDD94ED2C0AD4ED2E0A30EE600AD0ED90
:10017000000A30EE600AB0EE408A20E094ED2E0ACC
:100180001B48D0ED000A30EE200A30EE080AD4ED0C
:100190002D0AB4EEE00AF1EE10FA10D2B5EEC08AE4
:1001A000F1EE10FA0BD294ED2D0AD4ED2E0A30EEBA
:1001B000600AD0ED000A30EE600AB0EE408A94ED9D
:1001C000310A0C4880ED000AD0ED000A70EE880A72
:1001D000B0EE600A9FED041ADFED040A01F080FB27
:1001E00084ED310A00BF94E7DB0F4940DB0F49C0C3
:1001F000380200203C02002010B52DED028B044691
:10020000B0EE408A14B9BDEC028B10BDD4ED310ABA
:1002100094ED301A70EEC10AB0EE600A9FED311A0B
:10022000DFED310A01F05CFB304880ED000A94ED0F
:10023000310A30EE080ADFED2B0AB4EEE00AF1EEE7
:1002400010FA0FDDB5EEC08AF1EE10FA30DD94ED54
:10025000310A30EE080ADFED260A30EE600A84ED3E
:10026000310A25E094ED2E0A2048D0ED000A30EE48
:10027000200A30EE080ADFED1C0AB4EEE00AF1EEC7
:1002800010FA0FD2B5EEC08AF1EE10FA10D294ED4A
:10029000310A30EE080ADFED160A30EE200A84ED4E
:1002A000310A05E094ED310A30EE080A84ED310A96
:1002B000D4ED310AB0EE600A9FED0A1ADFED0A0AAA
:1002C00001F00EFB0B4880ED000A9FED061ADFEDF2
:1002D000060A90ED000A01F003FB84ED310A00BF2D
:1002E00091E70000DB0F4940DB0F49C040020020CE
:1002F000DB0FC9404402002070B506460C46154687
:100300000EB104B105B970BD1D48007828B92A4660
:100310002146304600F066FF30E019480078012899
:1003200005D12A462146304600F060FB26E01448FD
:100330000078022805D12A462146304600F038F9D7
:100340001CE00F480078032805D12A462146304694
:10035000FFF7D2FD12E00A480078042805D12A46AA
:100360002146304600F0E8FC08E005480078052802
:1003700004D12A462146304600F0FAFB00BFC2E70E
:10038000F001002010B5044604B910BD204600F06D
:100390003FF81E48007828B9002184F8B81084F886
:1003A000981130E019480078012805D1022184F81D
:1003B000B81084F8981126E014480078022805D176
:1003C000002184F8B81084F898111CE00F480078D8
:1003D000032805D1012184F8B81084F8981112E09F
:1003E0000A480078042805D1022184F8B81084F85E
:1003F000981108E005480078052804D1022184F806
:10040000B81084F8981100BFBFE70000F001002089
:1004100010B52DED048B044614B9BDEC048B10BD52
:100420005C480078022805D14FF4F270005D052881
:1004300000D0F2E74FF4F270005D012807D10020F0
:1004400002F01CFE18B9022052490870E5E7514835
:100450000078012871D150480088401C4E4908801E
:1004600094ED310ADFED4D0A30EE600A10EE101AFD
:10047000084605F007F941EC190BB0EE490AF0EE19
:10048000690AFCF75DFCB0EE408AF0EE608A9FEDF1
:10049000440B53EC102B51EC180B04F0E5FB29D264
:1004A00094ED6B0ADFED3D0A30EE600A10EE101A93
:1004B000084605F0E7F841EC190BB0EE490AF0EEFA
:1004C000690AFCF73DFCB0EE408AF0EE608A9FEDD1
:1004D000340B53EC102B51EC180B04F0C5FB09D274
:1004E00031480088642810DA2F480088401C2E49C3
:1004F00008800AE02848008841F27071884204DAD6
:1005000025480088401C244908802348008841F27F
:10051000707188420CDA24480088642808DA206860
:10052000807A022804D0002002F0A8FD00B974E708
:1005300000201D490880184908802068807A022818
:1005400003D10020134908700DE02068807A032849
:1005500002D11049087006E02068807A012802D193
:1005600003200C490870002002F088FD10B1002023
:10057000084908700D48007828B90648007810B17D
:10058000012004490870034800780849087000BF3A
:1005900043E70000F0010020F2010020000000000D
:1005A000000000A09999B93FF4010020F601002055
:1005B00010B508B101B102B910BD4FF4F2739B5CE4
:1005C000012B2ED19FED690A81ED000A9FED680A8B
:1005D00080ED000A92ED6D0ADFED660AB4EEE00AE6
:1005E000F1EE10FA1CD2644B1B885B1C624C23801A
:1005F00023461B88B3F5FA6F12DD0023238092EDAA
:100600006B0A82ED750AD2F8EC301C884FF4F07357
:100610009C521B1D9B5C5B1CDCB24FF4F2739C5420
:10062000A2E04FF4F2739B5C022B2ED19FED530A94
:1006300081ED000A9FED4E0A80ED000A92ED6D0AF1
:10064000DFED4C0AB4EEE00AF1EE10FA1CD24A4B90
:100650001B885B1C484C238023461B88B3F5FA6F2C
:1006600012DD0023238092ED6B0A82ED760AD2F828
:10067000EC301C884FF4F1739C529B1C9B5C5B1C00
:10068000DCB24FF4F2739C546EE04FF4F2739B5C57
:10069000032B2ED19FED360A81ED000A9FED330A20
:1006A00080ED000A92ED350ADFED320AB4EEE00A81
:1006B000F1EE10FA58D2304B1B885B1C2E4C238075
:1006C00023461B88B3F5FA6F4EDD0023238092ED9D
:1006D000330A82ED730AD3681C884FF4EE739C5280
:1006E0004FF4F2739B5C5B1CDCB24FF4F2739C54CE
:1006F0003AE04FF4F2739B5C042B2DD19FED1C0A62
:1007000081ED000A9FED1D0A80ED000A92ED350A89
:10071000DFED180AB4EEE00AF1EE10FA24D2164B1F
:100720001B885B1C144C238023461B88B3F5FA6F8F
:100730001ADD0023238092ED330A82ED740AD36818
:100740001C884FF4EF739C529B1D9B5C5B1CDCB2BE
:100750004FF4F2739C5407E04FF4F2739B5C052B4B
:1007600002D10023044C238000BF25E70000FA4596
:1007700000000000CDCCCC3DF80100200000FAC5FF
:100780000948007801280AD007480078022806D0D6
:1007900005480078052802D00348007808B90120F0
:1007A00070470020FCE70000F001002010B504466F
:1007B00004B910BD94F8B80020B904F10C0000F0A1
:1007C0007BFA10E094F8B800012804D104F10C0081
:1007D00000F00CFA07E094F8B800022803D104F105
:1007E0000C0000F07AFA94F8980120B904F1EC00BA
:1007F00000F062FA10E094F89801012804D104F1A5
:10080000EC0000F0C5F907E094F89801022803D144
:1008100004F1EC0000F061FA00BFCAE710B52DED5D
:10082000028B044614B9BDEC028B10BD606890EDDC
:10083000010A84ED6B0AB4F89A11D4F8EC20108800
:1008400001F0C8F884ED690AA06890ED010A84ED12
:100850006D0A606890ED000A84ED330AB4F8BA10AE
:10086000E268108801F0B6F884ED310AD4ED690A27
:10087000B0EE600AEFF778FDA068D0ED020A20EE36
:10088000208AD4ED690AB0EE600AEFF7A9FDA068EE
:10089000D0ED000A00EE608A84ED358A00BFC2E721
:1008A00010B50446FFF792FAE060FFF74BFAC4F880
:1008B000EC00FFF79FF96060FFF740FAA060FFF7D8
:1008C00049FA2060002184F8B91084F8B81084F83F
:1008D000991184F898119FED402ADFED3F1AB3EE8D
:1008E0000A1ADFED3D0AB2EE040A04F11000FFF728
:1008F000EBFA9FED392ADFED381AB2EE001ADFED80
:10090000360AB2EE040A04F14000FFF7DDFADFED2B
:10091000330A9FED330A334A002104F17000F7F7E0
:10092000ABF99FED2D2ADFED2C1AB2EE0E1ADFED9A
:100930002A0AB2EE040A04F1F000FFF7C5FA9FEDAF
:10094000262ADFED251AB2EE0E1ADFED230AB2EEEB
:10095000040A04F59070FFF7B7FADFED200A9FED67
:10096000200A214A002104F5A870F7F785F904F15F
:100970001000FFF791FA04F14000FFF78DFA04F13F
:100980007000F7F753F904F1F000FFF785FA04F56A
:100990009070FFF781FA04F5A870F7F747F9204641
:1009A000FFF73CFF94ED330A84ED340A94ED310AED
:1009B00084ED320A94ED350A84ED360A94ED6B0A23
:1009C00084ED6C0A94ED690A84ED6A0A94ED6D0A6F
:1009D00084ED6E0A10BD00000000000000401C46BF
:1009E0000060EA46D45B0108C85B010870B52DEDD4
:1009F000048B05460E4614460DB106B114B9BDEC84
:100A0000048B70BD94ED6B0ADFED240A30EEC00A52
:100A100010EE101A084604F035FE41EC190BB0EE4A
:100A2000490AF0EE690AFCF78BF9B0EE408AF0EE65
:100A3000608A9FED1B0B53EC102B51EC180B04F04C
:100A4000EEFA10D294ED6B0ADFED140A30EEC00A14
:100A5000DFED150A20EE200A86ED000A9FED0F0A51
:100A600085ED000A17E094ED6B0ADFED0C0A30EE1D
:100A7000C00ADFED0D0A20EE200A86ED000A94ED93
:100A8000310ADFED060A30EEC00ADFED080A20EE7B
:100A9000200A85ED000A00BFB1E700000000000059
:100AA000000000A09999B93F6F12833B0AD7A33B7E
:100AB00000B9704790F8B91069B190F8B81051B901
:100AC000B0F9E81000EE101AB8EEC00A80ED390A4D
:100AD00080ED380A18E090F8B910012908D090F894
:100AE000B810012904D190ED330A80ED340A0BE0EF
:100AF00090F8B910022907D090F8B810022903D154
:100B000090ED310A80ED320A90F8B82080F8B920D3
:100B100090F8991169B190F8981151B9B0F9C811CC
:100B200000EE101AB8EEC00A80ED710A80ED700A6E
:100B300018E090F89911012908D090F8981101292E
:100B400004D190ED6B0A80ED6C0A0BE090F89911DE
:100B5000022907D090F89811022903D190ED690A73
:100B600080ED6A0A90F8982180F8992100BFA0E7EB
:100B700008B101B102B970479FED040A80ED000A87
:100B80009FED020A81ED000A00BFF4E700000000BB
:100B900010B5044604B910BDD4ED321AB0EE611A96
:100BA000D4ED311AF0EE610AD4ED301AB0EE610ADC
:100BB000201DFFF713F984ED330A94ED331AF0EE9C
:100BC000410A94ED321AB0EE410A04F16400F6F7DE
:100BD00035FF84ED360A94ED360ABDEEC00A10EEFC
:100BE000100A00B2A4F8DC0000BFD4E710B52DED68
:100BF000068B044614B9BDEC068B10BD94ED318A0A
:100C0000D4ED308A38EE680A10EE101A084604F067
:100C100039FD41EC1A0BB0EE4A0AF0EE6A0AFCF715
:100C20008FF8B0EE409AF0EE609A9FED200B53ECF7
:100C3000102B51EC190B04F0F2F911D2B5EEC08A69
:100C4000F1EE10FA06DD9FED1B0A38EE400AB0EE19
:100C5000408A05E09FED170A38EE000AB0EE408AA0
:100C600094ED320AB0EE401AF0EE480AB0EE680A8F
:100C7000201DFFF7B3F884ED330A94ED331AF0EE3C
:100C8000410A94ED321AB0EE410A04F16400F6F71D
:100C9000D5FE84ED360A94ED360ABDEEC00A10EE9C
:100CA000100A00B2A4F8DC0000BFA4E70000006056
:100CB000FB210940DB0FC94000B9704790ED350AB0
:100CC00080ED360A90ED360ABDEEC00A10EE101A1D
:100CD00009B2A0F8DC1000BFEFE710B5044604B974
:100CE00010BDD4ED321AB0EE611AD4ED2F1AF0EE29
:100CF000610AD4ED2E1AB0EE610A04F13400FFF758
:100D00006DF884ED330A94ED331AF0EE410A94ED58
:100D1000321AB0EE410A04F16400F6F78FFE84ED5A
:100D2000360A94ED360ABDEEC00A10EE100A00B283
:100D3000A4F8DC0000BFD3E710B508B101B102B9D7
:100D400010BD1368B3F904300A2B05DC1368B3F93E
:100D5000043013F10A0F04DA13689B88254C2380B2
:100D600002E00023234C23801368B3F906300A2BDA
:100D700005DC1368B3F9063013F10A0F04DA1368BF
:100D8000DB881D4C238002E000231B4C2380194B81
:100D9000B3F9003000EE103AB8EEC00ADFED170AE2
:100DA00020EE200A1368B3F90C3000EE903AF8EE0A
:100DB000E00A9FED131A00EEC10A80ED000A0E4B07
:100DC000B3F9003000EE103AB8EEC00ADFED0D0ABC
:100DD00020EE200A1368B3F90E3000EE903AF8EED8
:100DE000E00A9FED091A00EE810A81ED000A00BFBA
:100DF000A6E700000402002006020020ACC5A7B64A
:100E000017B751389C53C9B652491D3900B97047BC
:100E1000D0ED2F0A70EE800AC0ED2F0AD0ED2F0A18
:100E200090ED2C1AF4EEC10AF1EE10FA04DDD0EDCB
:100E30002C0AC0ED2F0A0CE0D0ED2F0A90ED2D1AF0
:100E4000F4EEC10AF1EE10FA03D2D0ED2D0AC0ED96
:100E50002F0A00BFDBE700001CB5044604B91CBD27
:100E60009FED240A8DED010A9FED220A8DED000A07
:100E70002246694601A8FFF73FFA94F8B80020B966
:100E80009DED010A84ED380A14E094F8B8000128B9
:100E900006D19DED010A04F10C00FFF7ADF909E060
:100EA00094F8B800022805D19DED010A04F10C0068
:100EB000FFF7ACFF94F8980120B99DED000A84ED8E
:100EC000700A14E094F89801012806D19DED000AFB
:100ED00004F1EC00FFF716F909E094F898010228F4
:100EE00005D19DED000A04F1EC00FFF78FFF00BF74
:100EF000B5E700000000000010B5044604B910BDBD
:100F00002046FFF73FFA00BFF9E70000C92002F0D2
:100F10003FFB9548FFF7C4FC01F076FF9FED930A75
:100F2000934880ED000AB2EE040A80ED010A9FEDBD
:100F3000910A80ED020A9FED900A904880ED000A28
:100F40009FED8C0A80ED010A9FED8A0A80ED020A6E
:100F50009FED890A8A4880ED000A9FED860A80EDA0
:100F6000010A9FED840A80ED020ADFED860A9FEDFB
:100F7000860A7F4A00218548F6F77EFEF3EE040AD2
:100F80009FED830A7D4A00218248F6F775FEF3EE55
:100F9000040A9FED7F0A7A4A00217F48F6F76CFE2B
:100FA0000024AA207D490870BB208871012403E039
:100FB0007A490C55601C44B2062CF9DBD2E0784823
:100FC00040787749097840EA012000B200EE100A23
:100FD000B8EEC00A734880ED000A90ED000ADFED1C
:100FE000720A60EE200A9FED711A80EE810ADFED31
:100FF000700A80EE201A80ED001A6948C0786849AE
:10100000897840EA012000B200EE100AB8EEC00A6A
:10101000684880ED000A90ED000ADFED630A60EE9B
:10102000200A9FED621A80EE810ADFED610A80EEF0
:10103000201A80ED001A5A4800795F490880084656
:10104000008801280CD1574890ED000A5B4880EDDC
:10105000000A584890ED000A594880ED000A09E05E
:101060009FED440A554880ED000A9FED420A54481E
:1010700080ED000A3C48FFF73FFF3B48FFF718FDB3
:101080003948FFF7CBFB3848FFF7E6FE3648FFF755
:101090008DFB01F0F3FC4B4908803348B0F8E800C1
:1010A000494908803048B0F8C801484908800520FF
:1010B00001F0E4FF38B1062001F0E0FF18B107208D
:1010C00001F0DCFFF0BB002001F0D8FF98B3002353
:1010D0001A4619461846F0F71BF93D48D0ED010AAB
:1010E000B0EE600ADFED230A2848F6F7A7FC38487F
:1010F00080ED020A3748D0ED010AB0EE600ADFED5C
:101100001D0A2248F6F79AFC324880ED020A304860
:1011100090ED020ABDEEC00A10EE100A00B22E4990
:1011200008802C4890ED020ABDEEC00A10EE100AAD
:1011300000B22A49088000232248B0F9002019464D
:10114000184600E006E0F0F7E3F8002211461046EA
:10115000F0F706F9012002F01BFA002002F098F8DF
:101160001F4908602BE700001089002000401C4642
:10117000148800200000000000002042FC870020AE
:10118000088800200000FA4400007A4420880020EB
:101190000050C34980880020C88800202402002015
:1011A00044000020080200200000B44200FEFF4678
:1011B000333365420C020020140200201802002084
:1011C0001C020020300200202C0200202E020020F1
:1011D0006888002074880020320200203402002039
:1011E0002002002008B101B102B970479FED040A46
:1011F00080ED000A9FED020A81ED000A00BFF4E7CE
:101200000000000008B101B102B9704790ED000A7A
:10121000D1ED000A9FED0F1A01EE600A80ED000A81
:1012200090ED010AD1ED010A9FED0A1A01EE600A64
:1012300080ED010A90ED020AD1ED020A9FED051A38
:1012400001EE600A80ED020A13885B1C138000BF68
:10125000DBE7000052499D39F0B50546059C0020AA
:101260007FE093ED050A00EB4006404F07EB860652
:10127000D6ED000A20EE200AD3ED060A00EB400668
:1012800007EB860696ED011A00EE810AD3ED070AF8
:1012900000EB400607EB860696ED021A00EE810A87
:1012A000334E06EB8006D6ED000A30EE200A05EB41
:1012B000800686ED000A93ED010A00EB40062D4FF3
:1012C00007EB8606D6ED000A20EE200AD3ED020ACF
:1012D00000EB400607EB860696ED011A00EE810A48
:1012E000D3ED030A00EB400607EB860696ED021AE3
:1012F00000EE810A204E06EB8006D6ED000A30EEA5
:10130000200A01EB800686ED000A94ED010A00EB4D
:1013100040061A4F07EB8606D6ED000A20EE200A9B
:10132000D4ED020A00EB400607EB860696ED011AA3
:1013300000EE810AD4ED030A00EB400607EB8606B7
:1013400096ED021A00EE810A0D4E06EB8006D6EDF0
:10135000000A30EE200A02EB800686ED000A461CE9
:10136000F0B20328FFF67DAFF0BD0000740200204C
:10137000288B002098020020408B0020BC02002017
:10138000688B002010B500BF5021EFF3118081F36E
:101390001188BFF34F8FBFF36F8F00BF04465748CC
:1013A000007800F0010088B35548806C0068006840
:1013B00000F0010050BB5248C06C0068006800F0AB
:1013C000010018BB4F48007800F00200F0B94E4809
:1013D000007800F00200C8B94848007820F0010009
:1013E000464908700846007840F002000870002264
:1013F00001214648F2F794F8082245494548F6F796
:101400000DFD00BF84F3118800BF10BDFFE73D480C
:10141000007800F0010088B33948806C00680068EB
:1014200000F0010050BB3648C06C0068006800F056
:10143000010018BB3148007800F00200F0B93248D2
:10144000007800F00200C8B92E48007820F00100B2
:101450002C4908700846007840F00200087000220D
:1014600010212D48F2F75CF809222C492C48F6F798
:10147000D5FC00BF84F3118800BFC6E7FFE7224810
:10148000007800F0010088B31D48806C0068006897
:1014900000F0010050BB1A48C06C0068006800F002
:1014A000010018BB1548007800F00200F0B915489B
:1014B000007800F00200C8B91348007820F001005D
:1014C000114908700846007840F0020008700022B8
:1014D00010211148F2F724F8042212491248F6F7B5
:1014E0009DFC00BF84F3118800BF8EE7FFE700BFBB
:1014F00084F3118800BF00BF87E700006D02002061
:10150000A00C00206E0200206F02002000040240A8
:101510004C0200205402002000000240F88A002003
:101520005C02002065020020690200200149096870
:1015300048637047500F002010B52DED028BB0EEC0
:10154000408A2648007830B3FEF7E6FB00EE100A2A
:10155000B8EEC00AF0EE408AF0EE680AB0EE480A33
:101560001F48F6F76BFA1E4890ED080AB5EEC00A60
:10157000F1EE10FA03D29FED1B0A80ED080A18481D
:1015800090ED080ABCEEC00A10EE100A84B22046A4
:10159000FFF7CCFF1FE0FEF7BFFB00EE100AB8EE2E
:1015A000C00AB4EEC80AF1EE10FA10D20E48007864
:1015B000401C0D49087008460078C82807DD012046
:1015C000064908709FED090A054880ED0A0A41F2B4
:1015D0008730FFF7ABFFBDEC028B10BDE0020020AF
:1015E000808B002000000000E102002000401C452C
:1015F000704700001FB504466420012103AA0B4672
:10160000CDE90021029022461C210348F2F770F830
:101610009DF80C0004B010BDBC0B002013B584B0C5
:1016200004466420012105AA0B46CDE90021029061
:1016300022461C210248F2F7D5F906B010BD000081
:10164000BC0B002010B5012240210248F1F768FFD1
:1016500010BD00000018024010B5002240210248D1
:10166000F1F75EFF10BD000000180240704710B592
:101670000446204600F0C8F910BD000070B50025F2
:101680000024FFF7B5FFFFF7F1FFFFF7E5FF32207A
:10169000FFF7EDFFFFF7D6FF3220FFF7E8FF00204E
:1016A000FFF7A8FF0546102D01D0402070BD012096
:1016B000FFF7DDFF002424E004EB4402134B1A443F
:1016C000517804EB4402985CFFF7A8FF0120FFF774
:1016D000CEFF04EB44010D4A505CFFF78BFF05463B
:1016E0000120FFF7C4FF04EB440008490844407898
:1016F000A84204D004EB440008448078D6E7601C7C
:10170000C4B2042CD8DB0020D0E700002E5C010816
:10171000002002490968C86370470000500E00208D
:1017200042F2CF0001490968C8637047500E00209B
:101730002DED088BCEE00024C9E0674850F8240066
:10174000000E00EE100AB8EE400AB0EE40AA624861
:1017500050F82400C0F3074000EE100AB8EE400A2B
:10176000F0EE40AA5C4830F82400C0F3072000EEF9
:10177000100AB8EE400AB0EE40BA574810F82400FC
:1017800000EE100AB8EE400AF0EE40BA5249601C72
:1017900051F82000000E00EE100AF8EE400A08464C
:1017A00050F82400000E00EE100AB8EE400A30EEA9
:1017B000C00AB0EE408A601C51F82000C0F3074018
:1017C00000EE100AF8EE400A084650F82400C0F374
:1017D000074000EE100AB8EE400A30EEC00AF0EE04
:1017E000408A601C31F82000C0F3072000EE100A88
:1017F000F8EE400A084630F82400C0F3072000EE57
:10180000100AB8EE400A30EEC00AB0EE409A601CF2
:1018100011F8200000EE100AF8EE400A084610F811
:10182000240000EE100AB8EE400A30EEC00AF0EED6
:10183000409A9FED2A0AC8EE000AB0EE608A9FED3A
:10184000270AC8EE800AF0EE608A9FED240AC9EEEE
:10185000000AB0EE609A9FED210AC9EE800AF0EE10
:10186000609A00252EE03AEE080AB0EE40AA3AEE61
:10187000A80AF0EE40AA3BEE090AB0EE40BA3BEEF1
:10188000A90AF0EE40BABCEECA0A10EE100A010630
:10189000BCEEEA0A10EE100A41EA0041BCEECB0AA7
:1018A00010EE100A41EA0020BCEEEB0A10EE101A0E
:1018B00040EA01063046FBF785FA012000F0A4F863
:1018C000681C85B2B5F57A7FCDDB601C84B2062C2E
:1018D000FFF633AF2FE700001C03002000007A441E
:1018E000B4EEE01AF1EE10FA00D27047B4EEC10A7D
:1018F000F1EE10FA0EDD31EE602AF0EE421A03E04E
:1019000030EE612AB0EE420AB4EEC10AF1EE10FAEE
:10191000F6DC13E0B4EEE00AF1EE10FA0ED231EE8E
:10192000602AF0EE421A03E030EE212AB0EE420ABD
:10193000B4EEE00AF1EE10FAF6D300BF00BFD4E730
:10194000F2F712FAF8F758FFF5F76AFAF5F79CF98B
:10195000F5F7D6F8F5F70CF9F5F742F9F5F762F96E
:10196000F5F788FBF5F70AFCF5F75EFDF5F7AEFD38
:10197000F5F7A6FEF5F70CFEF5F776F9F5F7D4FBCB
:10198000F5F796FBF5F7B2FBF5F7DEFBF5F71AFC7A
:10199000F5F772FCF5F7F6FCF5F738FCF5F76EFE97
:1019A000F5F7ACFEFCF7A2FAFDF75AFDFCF742FA98
:1019B00000F0EAFE01F01EFCF5F7CAF900F030F87D
:1019C00000BFFEE701460020842901D0CA1C104454
:1019D000704700000246501AB0F5805F03DDA0F5A5
:1019E000F850FF3805E010F5805F02DA41F6FF732A
:1019F000184400EE100AB8EEC00ADFED020A20EE2D
:101A0000200A7047DB0F493A70B5044625460DB1F0
:101A1000294600E00121084601F0BAFD002070BD12
:101A200010B501F0A9FE002010BD10B502F010FCA9
:101A3000012801D001F0FEFF10BD7FB504460D4620
:101A4000606998B1A06988B1B4F90800FFF7BAFFDE
:101A50000646D4E90510CDE9006102902B462269C3
:101A6000D4E9001002F046FB039013E0B4F908003B
:101A7000FFF7A8FF064603A8CDE90060238A9AB2C3
:101A80002B46D4E9001002F003FB012802D000200D
:101A900004B070BD0398FBE7014611B9094800681E
:101AA00000E00846024652B900BF502080F311887A
:101AB000BFF34F8FBFF36F8F00BF00BFFEE702F190
:101AC000340070476C0000202DE9F04105460E46B9
:101AD0001F48076800201F49096881F852001D4807
:101AE0000068001D01F0C0FB50B91A48006890F86A
:101AF0002C1001208840184909688143164801606C
:101B0000681C38B936B113480168091D134801F043
:101B100015FC1AE07C190F4800684460BC4207D2EB
:101B20000C480168091D0E48006801F0EDFB0CE04F
:101B300008480168091D0B48006801F0E5FB0A48E8
:101B40000068844201D208480460BDE8F0810000CA
:101B5000800000206C00002084000020541700202A
:101B600074000020700000209C00002010B5044686
:101B700001F0F0FB23480068401C2249086022481D
:101B8000006840B9204804600846006801280DD16B
:101B900000F0F6F90AE01D48006838B91A480068F4
:101BA000C06AE16A884201D8174804601848006892
:101BB000401C1749086094F82C10012088401549F2
:101BC0000968084313490860E16A01EB8101124A80
:101BD00002EB8100211D01F0B1FB01F0E5FB0B4898
:101BE000006868B108480068C06AE16A884207D2A4
:101BF0004FF0805009490860BFF34F8FBFF36F8FDC
:101C000010BD00007C0000206C0000208800002037
:101C100098000020840000207816002004ED00E0E9
:101C200008B501F097FB12480068E8B9114801F0C7
:101C30005BFB114801F058FB0E48104908600E4844
:101C40000F49086000200F4B0F4A102100900A2016
:101C500001F00AFF064908600846006820B10BA1A0
:101C60000348006801F058FC01F09EFB08BD00002D
:101C7000B0000020681700207C170020A80000207A
:101C8000AC00002090170020D8170020546D72512E
:101C90000000000010B516E001F05CFB0C48C068C5
:101CA000C468201D01F0E0FA0A480068401E094996
:101CB000086009480068401E0749086001F074FB8D
:101CC000204600F05EF8044800680028E4D110BD0A
:101CD000401700207C0000207800002070B50446EA
:101CE0000D46206C70B1216CE0680844E0606168CA
:101CF000E068884201D32068E0602846226CE168F1
:101D0000EEF73EFC70BD2DE9F04104460F46154646
:101D10004FF00008A66B206C40B9206860BB60687B
:101D200002F050FB80460020606025E07DB9394616
:101D3000226CA068EEF724FC216CA0680844A06027
:101D4000D4E90110884217D32068A06014E0394616
:101D5000226CE068EEF714FC216CE068401AE06049
:101D60002168E068884203D2216C6068401AE06014
:101D7000022D01D106B1761E701CA0634046BDE85D
:101D8000F08110B5044694F8510030B9206B01F091
:101D900029FB204601F026FB1AE094F851000128A7
:101DA00003D1204601F01EFB12E094F851000228F6
:101DB00001D1012000E0002050B900BF502080F385
:101DC0001188BFF34F8FBFF36F8F00BF00BFFEE7D7
:101DD00010BD00000146084A126812680AB90122C3
:101DE00000E000220A600A6822B9034A1268D26839
:101DF000106800E000207047A800002030B54FF4C4
:101E0000C043174800F007042CB1C01D20F00700A4
:101E1000134C041B1B1B0246124C22600024114D64
:101E20006C60D018083820F007000F4C20600024A8
:101E30000D4D2D686C600C4D2D682C601146441AB8
:101E40004C60094C24680C60084D4C682C60084DAF
:101E50004C682C604FF00044064D2C6030BD0000F3
:101E600078180020BC000020C4000020CC00002016
:101E7000C8000020D000002000BFFFF70BFF06487D
:101E800000680128F9D94FF0805004490860BFF379
:101E90004F8FBFF36F8FF0E77816002004ED00E05E
:101EA0002DE9F04106460D4617469846069C0DB9A9
:101EB000246000E02760E66325640121204601F0EC
:101EC00043FEBDE8F0812DE9F05F82460F46904663
:101ED0009B460A9E0C9C4FEA8801A522206BEEF7D8
:101EE000C6FBA8F10100216B01EB800929F007096D
:101EF00009F0070008B9012000E0002050B900BF38
:101F0000502080F31188BFF34F8FBFF36F8F00BF56
:101F100000BFFEE7002507E0795D04F1340041557C
:101F2000785D00B902E06D1C102DF5D300BF0021D3
:101F300043200155072E00D30626E6626664002082
:101F4000A064201D01F0DDF904F1180001F0D9F9B9
:101F50002461C6F10700A06164620020E06484F897
:101F6000500084F852005A465146484600F09EFB05
:101F700020600B9808B10B980460BDE8F09F00004A
:101F800010B5002407E004EB84010F4A02EB810046
:101F900001F0AAF9641C072CF5D30C4801F0A4F950
:101FA0000B4801F0A1F90B4801F09EF90A4801F035
:101FB0009BF90A4801F098F9044809490860044867
:101FC0000849086010BD00007816002004170020A2
:101FD000181700202C17002040170020541700204D
:101FE000700000207400002010B50146164800E083
:101FF000006803688B42FBD30246436813448B425C
:1020000004D143684C682344436001460A464B6848
:1020100013440468A34211D10C4C03682468A34202
:1020200008D04B680468646823444B6003681B68ED
:102030000B6005E0054B1B680B6001E003680B605B
:10204000884200D0016010BDBC000020C400002008
:102050002DE9F04104460D4616461F464FF0000894
:1020600065602461B5420CD8F01BA169884202D397
:102070004FF0010811E0211D0948006801F044F902
:102080000BE0BE4204D2BD4202D34FF0010804E08F
:10209000211D0448006801F037F94046BDE8F08191
:1020A000AC000020A800002070B5054601F052F9F0
:1020B000A86B08B9012400E0002401F075F920465E
:1020C00070BD70B5054601F045F9A86BE96B884213
:1020D00001D1012400E0002401F066F9204670BD22
:1020E000F8B505460F4616480068C068C468201D4C
:1020F00001F0BAF8E06901281DD1A06941192B4609
:102100003A462046FFF7A4FFA8B1002003462A461E
:1021100001460090204602F0C3FA064656B900BFB9
:10212000502080F31188BFF34F8FBFF36F8F00BF34
:1021300000BFFEE700BF2046616A8847F8BD000087
:10214000A8000020F0B587B082E00398002811DADB
:1021500004AE56B900BF502080F31188BFF34F8FF3
:10216000BFF36F8F00BF00BFFEE7D6E90020B16864
:10217000904700BF039800286ADB059C606908B996
:10218000012000E0002010B9201D01F06DF802A828
:1021900000F0C0F8054603980A2857D2DFE800F09F
:1021A00009050731334F0608323400BF00BF00BFB6
:1021B00000BF0498A269811803462A462046FFF70B
:1021C00047FFE8B12046616A8847E069012817D1D6
:1021D000002000900498A169421800231946204667
:1021E00002F05EFA074657B900BF502080F311880D
:1021F000BFF34F8FBFF36F8F00BF00BFFEE700BF7D
:1022000025E000BF23E000BF0498A061A06908B1E9
:10221000012000E0002050B900BF502080F3118859
:10222000BFF34F8FBFF36F8F00BF00BFFEE7A06902
:1022300041192B462A462046FFF70AFF07E094F88B
:10224000280010B9204601F0CDF800E000BF00BF23
:10225000002203A90448006801F012FE00287FF460
:1022600074AF07B0F0BD0000B0000020F8B505461F
:102270000C4601F0DDFA684600F04CF8064600987E
:1022800020BB44B9B54206D802F04CF93146284685
:10229000FFF726FF1CE03CB10E480068006808B953
:1022A000012000E000200446A91B22460A480068DD
:1022B00001F048F902F036F950B94FF08050074963
:1022C0000860BFF34F8FBFF36F8F01E002F02AF970
:1022D000F8BD0000AC000020B000002004ED00E0DC
:1022E0000A490968096809B9012100E0002121B102
:1022F0004FF0FF31064A116006E004490968C968D9
:10230000C868034A416811607047000070000020EF
:102310009C00002070B5044601F0AAFF054607485E
:102320000068854204D200F05BF80120206001E0E3
:102330000020206001480560284670BDB8000020DC
:102340002DE9F04102460D4600271068002843D0D1
:102350001046D0F804C0DCF804C0C0F804C000F196
:10236000080CD0F80480E04505D1D0F804C0DCF8B2
:1023700004C0C0F804C0D0F804C0DCF80C6000BF92
:102380001046D0F804C0DCF804C0C0F804C000F166
:10239000080CD0F80480E04505D1D0F804C0DCF882
:1023A00004C0C0F804C0D0F804C0DCF80C1000234E
:1023B0000AE001F13400C45CE85CA04200D005E012
:1023C0000CB90F4602E05B1C102BF2D300BF07B123
:1023D00001E0B142D4D100BF3846BDE8F081000031
:1023E0002DE9F84332E024480068C06805682248B7
:1023F0000068C068C468201D00F036FF2046616A8E
:102400008847E069012821D1A0694619AE4207D961
:1024100066602461211D1848006800F075FF15E012
:10242000002003462A4601460090204602F038F973
:10243000074657B900BF502080F31188BFF34F8F74
:10244000BFF36F8F00BF00BFFEE700BF0A48006800
:10245000006808B9012000E000200028C3D0064829
:10246000D0F8008005480068034908600348C0F8B8
:102470000080BDE8F8830000A8000020AC00002028
:102480000246002101E0521C491C1078A528FAD010
:10249000890888B2704700000E480068401C08B9DF
:1024A000012000E0002050B900BF502080F31188C7
:1024B000BFF34F8FBFF36F8F00BF00BFFEE700BFBA
:1024C000502080F31188BFF34F8FBFF36F8F00BF91
:1024D00000BFFEE7D400002008B500BF6846FFF744
:1024E00079FC044620460099FFF7C0FEFFF72AFE5C
:1024F000F4E770B5044600F02DFF94F9455010E064
:10250000606A08B9012000E0002038B904F1240015
:1025100001F0BCFF18B101F075F800E003E0681E9F
:1025200045B2002DECDC00BFFF2084F8450000F030
:102530003BFF00F00FFF94F9445010E0206908B908
:10254000012000E0002048B904F1100001F09EFFD6
:1025500008B101F057F8681E45B200E001E0002D17
:10256000ECDC00BFFF2084F8440000F01DFF70BDCC
:102570002DE9F04104464FF0000801F059F94648B2
:10258000006808B9FFF73AFC44480068204000287A
:102590006BD1D4B1083404F00700B0B104F00700E7
:1025A000C0F10800044404F0070008B9012000E06D
:1025B000002050B900BF502080F31188BFF34F8F27
:1025C000BFF36F8F00BF00BFFEE7002C4DD0344833
:1025D0000068844249D8334E3046056801E02E46F3
:1025E0002D686868A04202D228680028F7D12A48DE
:1025F0000068854239D0306800F1080828683060EA
:102600006868001B102819D92F1907F0070008B9AE
:10261000012000E0002050B900BF502080F3118855
:10262000BFF34F8FBFF36F8F00BF00BFFEE7686837
:10263000001B78606C603846FFF7D6FC1849686864
:102640000968081A164908600846006816490968AA
:10265000884203D212480068134908600F4968682D
:102660000968084368600020286001F05BFF08F0FB
:10267000070008B9012000E0002050B900BF502039
:1026800080F31188BFF34F8FBFF36F8F00BF00BF80
:10269000FEE74046BDE8F081C4000020D0000020E5
:1026A000C8000020BC000020CC000020001F4FF01C
:1026B00080730360001F21F001030360001F054BBE
:1026C000036014380260001F6FF0020303602038BB
:1026D000704700009924010810B52DED028B0446C7
:1026E0009FED1D0AB0EE408AD4ED000A60EEA00A0C
:1026F00094ED011AD4ED011A41EE210A94ED021A6B
:10270000D4ED021A41EE210A94ED031AD4ED031A16
:1027100041EE210AB0EE600AEEF724FBB0EE408AEB
:1027200094ED000A20EE080A84ED000A94ED010AF7
:1027300020EE080A84ED010A94ED020A20EE080A50
:1027400084ED020A94ED030A20EE080A84ED030AE0
:10275000BDEC028B10BD00000000000010EE101A4E
:10276000016110EE901AC16011EE101A8160DFED68
:10277000051A11EE901A0160DFED021A11EE901A9F
:10278000416070470000000010B524220249A1F109
:102790002400F5F7A1FA10BD668C002000B101B944
:1027A00070474278D210837842EA4312C2F30A0299
:1027B0000A800278437842EA0322C2F30A024A807E
:1027C00082789211C37842EA8302037942EA832233
:1027D000C2F30A028A8002795210437942EAC31294
:1027E000C2F30A02CA804279C2F301128A724279A4
:1027F00012119308CB728279C37942EA032212B292
:102800008A81027A437A42EA032213B201F10C026E
:10281000CB81827AC37A42EA032213B201F10C021D
:102820000B82037B8B74437BCB74827BC37B42EA3A
:1028300003228A82027C437C42EA032212B20A818A
:102840000A88A2F5806212B20A804A88A2F58062E4
:1028500012B24A808A88A2F5806212B28A80CA883F
:10286000A2F5806212B2CA800A89A2F5806212B211
:102870000A8100BF94E7000031B1012908D0022984
:102880000AD0032910D10BE0084A126890630BE0CC
:10289000064A1268506307E0054A1268106403E0B4
:1028A000034A1268506300BF00BF7047100F00203A
:1028B000100E0020FDF74EFA0B49086013E00A489D
:1028C0000068B0F90800002801DDEEF771FD40F264
:1028D000145006490880098888B20321FFF7CCFF0D
:1028E0000A20FFF791F8EAE7380300203C030020B4
:1028F000064AA2F8BA0082ED2F0AC2ED300AA2F809
:102900009A1182ED671AC2ED681A7047108900208B
:1029100010B52DED028B504890F8B40078BB4E48AE
:10292000D0ED260A9FED4D1A70EEC10AB0EE600A96
:102930009FED4B1ADFED4B0AFEF7D2FF464880EDC4
:10294000270A90ED270ADFED480AB4EEE00AF1EE1F
:1029500010FA08D990ED270ADFED440AB4EEE00A38
:10296000F1EE10FA04DB9FED410A3B4880ED270AA7
:102970000120394981F8B4000020A1F8AE003648A2
:10298000D0ED270A90ED261A70EEC10AB0EE600A6B
:102990009FED331ADFED330AFEF7A2FFDFED340AB5
:1029A000B4EEE00AF1EE10FA20D22B48D0ED270A5F
:1029B00090ED261A70EEC10AB0EE600A9FED281A5B
:1029C000DFED280AFEF78CFFDFED2A0AB4EEE00AFD
:1029D000F1EE10FA0ADD2048B0F8B200401C1E49A2
:1029E000A1F8B2000020A1F8AE0009E000201A49C9
:1029F000A1F8B2000846B0F8AE00401CA1F8AE0045
:102A00001548D0ED260A90ED271A70EEC10AB0EEF7
:102A1000600A9FED131ADFED130AFEF761FFB0EEB7
:102A2000408ADFED150A0C48BC30F5F707F80A4874
:102A300080ED230A00F02EFB0748B0F8B200B0F595
:102A4000FA7F05DB0020044981F8B40006200870F5
:102A5000BDEC028B10BD0000C0950020DB0FC93F0C
:102A6000DB0F4940DB0F49C048F734C048F734401A
:102A7000CDCC4C3DCDCC4CBD0000000010B500F0DD
:102A800043FA00F0F1F801206D490860084600683B
:102A9000C8B9FAF75FFF6B4890ED251AF0EE410ACE
:102AA00090ED241AB0EE410A4430F4F7C7FF6548B0
:102AB00090ED190ABDEEC00A10EE100A00B261498D
:102AC000A1F8A000B7E05F48007828B99FED5E0A42
:102AD0005C4880ED250A74E05A480078012805D149
:102AE0009FED590A574880ED250A6AE0554800785D
:102AF00002281FD1534890F8B500012807D1B7EE3E
:102B0000000A504880ED230A00F0C4FA08E09FED67
:102B10004E0A4C4880ED230A9FED4B0A80ED250AB2
:102B20009FED4A0A474880ED150A9FED490A80ED5E
:102B3000160A46E043480078032805D19FED420A73
:102B4000404880ED250A3CE03E48007804280BD13F
:102B50009FED400A3B4880ED150A9FED3F0A80ED4E
:102B6000160AFFF7D5FE2CE036480078052807D175
:102B7000BFEE080A334880ED230A00F08BFA20E00C
:102B800030480078072807D1BAEE040A2D4880EDB6
:102B9000230A00F07FFA14E02A480078082807D1B9
:102BA000B2EE040A274880ED230A00F073FA08E029
:102BB00024480078062804D19FED230A214880ED9F
:102BC000250A2048007898B9FEF7A2FD00201D498B
:102BD000A1F8A0009FED1C0A204880ED020A9FED9D
:102BE0001A0A1F4880ED020A00201E49086022E0F0
:102BF000FEF796FD134890ED251AF0EE410A90ED90
:102C0000241AB0EE410A4430F4F718FF0D4890ED55
:102C1000190ABDEEC00A10EE100A00B20949A1F867
:102C2000A00008460078022802DA0020A1F8A000DF
:102C300001200C4908600348B0F9A00010BD000055
:102C4000F8020020C09500200000000000401C4653
:102C500000C0DA4500007A44000061446888002022
:102C600074880020F00200205A4890ED000A5A486B
:102C700080ED000A594890ED000A564880ED000AA0
:102C8000574890ED000A5348D0ED000A20EE200A84
:102C90005348D0ED010A504890ED001A01EE200A89
:102CA00050488068B0F9020000EE900AF8EEE00AA1
:102CB0009FED4D1A60EE810A494890ED021A00EE30
:102CC000810A464880ED000A90ED000A454880EDF3
:102CD000240AC068B0F9020000EE100AB8EEC00A7B
:102CE000DFED420A20EE200A414880ED010A3D480E
:102CF0000069B0F9020000EE100AB8EEC00ADFED7C
:102D00003B0A20EE200A3B4880ED010A9FED3A0A7B
:102D1000374880ED000A9FED390A364880ED000AF9
:102D20009FED370A324880ED020A9FED350A31489F
:102D300080ED020A2B48806800882A498968B1F929
:102D40000810401AB0F5805F08DD264890F8A20010
:102D5000401E40B2234981F8A20012E02148806859
:102D6000008820498968B1F90810401A10F5805F81
:102D700007DA1C4890F8A200401C40B2194981F8BB
:102D8000A200184890F8A200122804D1EF2015499B
:102D900081F8A20008E0134890F9A200123018B997
:102DA0001120104981F8A2000E4890F9A200C0EB52
:102DB00040300C4989680988084400EE100AB8EED2
:102DC000C00ADFED100A20EE200A064880ED260A30
:102DD00070470000040300200003002008030020C7
:102DE000105C0108C0950020F1A23E3B0A01DA39CF
:102DF0006888002074880020A4700DC0A4700D4065
:102E000000000000C2B8B23710B500203449087085
:102E1000FCF7A0FF32494860FCF7D4FF30498860D6
:102E2000FCF784FF2E49C860FCF784FF2C49086139
:102E3000DFED2C0A9FED2C0A2C4A00212848443053
:102E4000F4F71AFFDFED270A9FED270A284A002131
:102E50002348BC30F4F710FFFFF706FF9FED251A5B
:102E6000DFED250A9FED250A1D481430FFF776FC9B
:102E70009FED201ADFED200A9FED200A18482A3026
:102E8000FFF76CFC4FF47A7015490885C887A1F8E4
:102E90004000002081F8A20008468068008800EE0B
:102EA000100AB8EE400ADFED160A20EE200A0846A6
:102EB00080ED260A0020A1F8A00081F8B4000846A1
:102EC00090ED260A80ED270A9FED0E0A80ED240A78
:102ED0009FED0C0A80ED250A002081F8B60010BD98
:102EE000C095002000C0DA4500401C46F85B010890
:102EF000045C010800007A440080BB446F12833AEE
:102F0000C2B8B2370000000020484068C07A0128EB
:102F10000CD11F480078012808D01C48007828B937
:102F200001201A4908701B49086010E017484068E2
:102F3000C07A01280BD116480078012807D0134821
:102F4000007820B10020114908701249086011482A
:102F5000006840B10D484068C07A032803D10720BB
:102F60000A4908700AE00B48006838B10748406811
:102F7000C07A022802D1082004490870034840683A
:102F8000C07A40B20249087070470000C095002026
:102F9000FC020020F402002010B500EE100A2DED16
:102FA000028BB1EEC08A18EE100A20F00040C0F18A
:102FB000FF40C00F0AD010EE100A20F00040C0F110
:102FC000FF40C00F04BF0120EDF7AAFB18EE100A66
:102FD000BDEC028B10BD0000FCF7A4FE2349086085
:102FE00042E0002022490870224908701FE0214871
:102FF000007800EBC0001D49096801EB8000C07C2F
:10300000C0F3401070B11B48007838B119480078FF
:10301000012803D017480078022803D10120144961
:10302000087008E013480078401C124908701148E5
:1030300000780E28DBDD00BF0D48007820B90E486F
:10304000007808B1FAF7E4FC0948007828B109498A
:103050000978491CC8B2FAF7EDFC05480078064922
:1030600008700A20FEF7D0FCBBE700001003002028
:10307000140300201603002015030020014601EB75
:10308000C100034A02EB8000C07CC0F340107047CF
:10309000E08500201A48B0F8AE00B0F52F7F05DAC1
:1030A000174890ED230A80ED250A04E0B1EE0A0AE4
:1030B000134880ED250A1248B0F8AE00B0F52F7F16
:1030C00004DA00200E49A1F8B00017E00C48B0F86F
:1030D000AE00B0F52F7F0DDB0948B0F8B000B0F5B9
:1030E000A07F07DA0648B0F8B000401C0449A1F8F8
:1030F000B00003E000200249A1F8AE0070470000D4
:10310000C095002070B506460D4600F023F918481A
:103110000068C06C88B901201549096881F8500021
:103120005DB101212846FEF7CFFC4FF080501149D8
:103130000860BFF34F8FBFF36F8F00F035F900F0D9
:1031400009F90B480068C46C4CB126B1002008494D
:103150000968C86403E0601E05490968C864002066
:103160000349096881F8500000F01EF9204670BD3F
:103170006C00002004ED00E091ED000AB1EE400A81
:1031800080ED010A91ED010AB1EE400A80ED020ADC
:1031900091ED020AB1EE400A80ED030A91ED000ABA
:1031A00080ED040A91ED020A80ED060A91ED010A14
:1031B000B1EE400A80ED070A91ED010A80ED080AA0
:1031C00091ED020AB1EE400A80ED090A91ED000A84
:1031D00080ED0B0A91ED020A80ED0C0A91ED010AD7
:1031E00080ED0D0A91ED000AB1EE400A80ED0E0A65
:1031F0007047000019480068406940F040001749D6
:103200000968486115480068406940F0800013492A
:103210000968486112480068006820F00100104900
:103220000968086007E00E480068006820F00100A7
:103230000B49096808600A480068006800F001004E
:103240000028F0D107480649096888600020044931
:103250000968C8600249096848607047900F0020FB
:10326000501000200410014001460A69D1E90130E4
:103270009860D1E9010358605068884201D188689C
:103280005060002008611068401E10601068704790
:103290002DE9F041044614B90648006800E02046D4
:1032A00007463D6B2846FFF7EBF806463046BDE87B
:1032B000F08100006C000020034B0360034B0B60A7
:1032C00080231360704700006C040020C0040020BD
:1032D000034B0360034B0B604FF480731360704724
:1032E000C00600201407002000F1080141604FF0E3
:1032F000FF31816000F10801C160016100210160BE
:10330000704700210161704710B502460B685C1CD4
:103310000CB9106907E002F1080000E04068446859
:1033200024689C42FAD944684C604C68A16088606B
:1033300041600A611468641C146010BD42684A60F0
:1033400093688B60936859609160086103685B1CA7
:103350000360704700BF502080F31188BFF34F8F88
:10336000BFF36F8F00BF0E480068401C0C49086017
:1033700008460068012812D10A480068C0B208B99E
:10338000012000E0002050B900BF502080F31188D8
:10339000BFF34F8FBFF36F8F00BF00BFFEE77047D3
:1033A000D400002004ED00E00D48006850B900BFD3
:1033B000502080F31188BFF34F8FBFF36F8F00BF92
:1033C00000BFFEE706480068401E05490860084641
:1033D000006820B9002080F3118800BF00BF70474B
:1033E000D400002070B506463546002E3FD0083D7B
:1033F0002C461F4960680968084008B1012000E0B8
:10340000002050B900BF502080F31188BFF34F8FC8
:10341000BFF36F8F00BF00BFFEE7206808B901202F
:1034200000E0002050B900BF502080F31188BFF3A6
:103430004F8FBFF36F8F00BF00BFFEE70C4960687E
:103440000968084098B1206888B909496068096826
:103450008843606000F0ECF9064960680968084438
:10346000044908602046FEF7BFFD01F05BF870BD1F
:10347000D0000020C800002000204FF0E0210861AB
:103480008861064800684FF47A71B0FBF1F0401E85
:103490004FF0E02148610720086170476800002074
:1034A00070B5ECF73DFF0446102C16D304F1E02074
:1034B00090F8F05315480078854201DB012000E0C8
:1034C000002050B900BF502080F31188BFF34F8F08
:1034D000BFF36F8F00BF00BFFEE70D48006800F428
:1034E000E0600C490968884201D8012000E0002012
:1034F00050B900BF502080F31188BFF34F8FBFF346
:103500006F8F00BF00BFFEE770BD0000D800002035
:103510000CED00E0DC000020024600200BE0084B30
:1035200053F8303033B9064B43F8301003EBC00387
:103530005A6002E0401C0828F1D300BF7047000029
:10354000381600202DE9F04105460E4617462C4658
:10355000FFF700FF94F94400401C10B9002084F8E4
:10356000440094F94500401C10B9002084F845003F
:10357000FFF71AFFA06B28B93A46314604F1240040
:1035800000F0DAF82046FEF7B4FFBDE8F081000055
:1035900070B504460025D4B11248006808B901206E
:1035A00000E0002050B900BF502080F31188BFF325
:1035B0004F8FBFF36F8F00BF00BFFEE700F038F9F9
:1035C00000212046FEF780FA00F0ACFF05463DB929
:1035D0004FF0805004490860BFF34F8FBFF36F8FE7
:1035E00070BD0000A400002004ED00E0034909685C
:1035F00001600349096841607047000094000020A1
:1036000080000020012001490860704790000020E0
:103610002DE9F04105460F4655B900BF502080F313
:103620001188BFF34F8FBFF36F8F00BF00BFFEE75E
:10363000FFF736FF2C4600BF5021EFF3118081F3D6
:103640001188BFF34F8FBFF36F8F00BF064694F80A
:103650005080022084F85000E06C401CE064B8F117
:10366000010F3BD1A06A08B9012000E0002050B949
:1036700000BF502080F31188BFF34F8FBFF36F8FCF
:1036800000BF00BFFEE718480068A8B9201DFFF77B
:10369000EBFD94F82C100120884014490968084378
:1036A00012490860E16A01EB8101114A02EB8100D5
:1036B000211DFFF743FE04E004F118010D48FFF758
:1036C0003DFE0D49E06A0968C96A884206D917B10A
:1036D0000120386002E001200849086000BF86F33D
:1036E000118800BFBDE8F081A40000208400002004
:1036F000781600202C1700206C000020900000207D
:1037000070B504460D4654B900BF502080F31188AF
:10371000BFF34F8FBFF36F8F00BF00BFFEE70548B9
:10372000016818312046FFF7EFFD01212846FEF71A
:10373000CBF970BD6C00002070B505460E461446EE
:1037400055B900BF502080F31188BFF34F8FBFF3EE
:103750006F8F00BF00BFFEE706480168183128469A
:10376000FFF7ECFD0CB14FF0FF3621463046FEF777
:10377000ABF970BD6C00002010B586B0002005903C
:10378000049003AA04A905A8FFF796FD0022DDE92D
:1037900004101346CDE9002102901EA11F48039A90
:1037A00000F0A8FC1E4908600846006808B1012422
:1037B00000E00024012C02D100F036FF0446012C69
:1037C00015D100BF502080F31188BFF34F8FBFF396
:1037D0006F8F00BF4FF0FF3012490860012012497F
:1037E000086000201149086000F070F810E0601CCB
:1037F00008B1012000E0002050B900BF502080F344
:103800001188BFF34F8FBFF36F8F00BF00BFFEE77C
:1038100006B010BD49444C4500000000791E010867
:10382000A00000209C0000208800002080000020D4
:1038300002480068401C014908607047A40000204D
:103840001D48006818B101201C49086032E00020C2
:103850001A4908601A480068B0FA80F0C0F11F01E8
:1038600001EB8100174A52F8200008B1012000E066
:10387000002050B900BF502080F31188BFF34F8F54
:10388000BFF36F8F00BF00BFFEE701EB81020D4B5E
:1038900003EB820042685268426000F1080243680C
:1038A000934202D14268526842604268D268064B35
:1038B0001A6000BF70470000A400002090000020A4
:1038C00084000020781600206C0000201CB55248AF
:1038D00000685249884201D0012000E0002050B920
:1038E00000BF502080F31188BFF34F8FBFF36F8F5D
:1038F00000BF00BFFEE7484800684849491E8842AB
:1039000001D0012000E0002050B900BF502080F31A
:103910001188BFF34F8FBFF36F8F00BF00BFFEE76B
:103920003F49084600780190FF200A46107008467B
:10393000007800909DF8000000F0F0009DF8002055
:10394000904201D1012000E0002050B900BF50207A
:1039500080F31188BFF34F8FBFF36F8F00BF00BF9D
:10396000FEE79DF8000000F050002E4A107007207E
:103970002D4A106009E02C480068401E2A4A106059
:103980009DF800004006000E00909DF8000000F039
:1039900080008028EFD024480068C0F10700042888
:1039A00001D1012000E0002050B900BF502080F379
:1039B0001188BFF34F8FBFF36F8F00BF00BFFEE7CB
:1039C000194800680002184A10601046008800F488
:1039D000E0601060124A019810700F4820300068B3
:1039E00040F470000C49203108600846006840F03F
:1039F00070400860FFF740FD00200C490860ECF7BC
:103A000057FC0B48006840F0404009490860ECF75B
:103A10003BFC00201CBD000000ED00E071C20F4126
:103A200000E400E0D8000020DC000020D4000020EA
:103A300034EF00E010B500BF502080F31188BFF3D1
:103A40004F8FBFF36F8F00BF00F018FC18B14FF01D
:103A500080500449086000BF002080F3118800BF37
:103A600010BD000004ED00E02DE9F84380460E464D
:103A700017461D46DDF82090B8F1000F01D0012057
:103A800000E0002050B900BF502080F31188BFF340
:103A90004F8FBFF36F8F00BF00BFFEE70DB1012056
:103AA00000E0002050B900BF502080F31188BFF320
:103AB0004F8FBFF36F8F00BF00BFFEE707B10EB19E
:103AC000012000E0002050B900BF502080F3118891
:103AD000BFF34F8FBFF36F8F00BF00BFFEE707B983
:103AE0000EB9012000E0002050B900BF502080F343
:103AF0001188BFF34F8FBFF36F8F00BF00BFFEE78A
:103B0000482000900098482801D1012000E00020C2
:103B100050B900BF502080F31188BFF34F8FBFF31F
:103B20006F8F00BF00BFFEE72C464CB1012084F828
:103B300046004B463A46314640460094FEF7B0F9FF
:103B40002046BDE8F883000070B505460E462C46B9
:103B500054B900BF502080F31188BFF34F8FBFF3DB
:103B60006F8F00BF00BFFEE7FFF7F4FBD4E90F1231
:103B7000206801FB020060600020A0632068A06054
:103B8000E06B401E226C216800FB0210E060FF2009
:103B900084F8440084F845009EB9206908B90120E2
:103BA00000E00020A8B904F1100000F06FFC80B123
:103BB0004FF0805009490860BFF34F8FBFF36F8FFC
:103BC00007E004F11000FFF78FFB04F12400FFF77A
:103BD0008BFBFFF7E9FB012070BD000004ED00E066
:103BE0002DE9FF4383B0064688461D464FF0000985
:103BF000344654B900BF502080F31188BFF34F8F73
:103C0000BFF36F8F00BF00BFFEE7B8F1000F01D117
:103C1000206C08B9012000E0002050B900BF5020FE
:103C200080F31188BFF34F8FBFF36F8F00BF00BFCA
:103C3000FEE7022D02D1E06B012801D1012000E056
:103C4000002050B900BF502080F31188BFF34F8F80
:103C5000BFF36F8F00BF00BFFEE700F0F9FA08B9AD
:103C6000059808B9012000E0002050B900BF50209D
:103C700080F31188BFF34F8FBFF36F8F00BF00BF7A
:103C8000FEE700BFFFF766FBA06BE16B884201D344
:103C9000022D28D12A4641462046FEF734F8074631
:103CA000606A08B9012000E0002068B904F124002E
:103CB00000F0ECFB88B14FF0805032490860BFF350
:103CC0004F8FBFF36F8F08E03FB14FF080502D4909
:103CD0000860BFF34F8FBFF36F8FFFF765FB0120C5
:103CE00007B0BDE8F083059818B9FFF75DFB002029
:103CF000F6E7B9F1000F04D101A8FFF777FC4FF008
:103D00000109FFF751FBFFF793FDFFF723FB94F940
:103D10004400401C10B9002084F8440094F9450088
:103D2000401C10B9002084F84500FFF73DFB05A9B1
:103D300001A800F059F9F0B92046FEF7C2F9A0B188
:103D400004F110000599FFF7DBFC2046FEF7D1FBDC
:103D500000F0E8FB002895D14FF080500949086039
:103D6000BFF34F8FBFF36F8F8CE72046FEF7C1FB89
:103D700000F0D8FB86E72046FEF7BBFB00F0D2FB45
:103D80000020ADE704ED00E02DE9F05F07468A462C
:103D900090461E463C4654B900BF502080F311881F
:103DA000BFF34F8FBFF36F8F00BF00BFFEE7BAF1C5
:103DB000000F01D1206C08B9012000E0002050B9AB
:103DC00000BF502080F31188BFF34F8FBFF36F8F78
:103DD00000BF00BFFEE7022E02D1E06B012801D137
:103DE000012000E0002050B900BF502080F311886E
:103DF000BFF34F8FBFF36F8F00BF00BFFEE7FFF72A
:103E00004FFB00BF5021EFF3118081F31188BFF306
:103E10004F8FBFF36F8F00BF0546A06BE16B8842E9
:103E200001D3022E23D194F945B0324651462046A3
:103E3000FDF769FF0BF1010088B9606A08B901203C
:103E400000E0002080B904F1240000F01FFB58B10D
:103E5000B8F1000F08D00120C8F8000004E00BF111
:103E6000010040B284F845004FF0010901E04FF035
:103E7000000900BF85F3118800BF4846BDE8F09FE8
:103E80002DE9F74183B005460E464FF000082C4659
:103E900054B900BF502080F31188BFF34F8FBFF398
:103EA0006F8F00BF00BFFEE70EB9206C08B901207C
:103EB00000E0002050B900BF502080F31188BFF30C
:103EC0004F8FBFF36F8F00BF00BFFEE700F0C0F958
:103ED00008B9059808B9012000E0002050B900BFDA
:103EE000502080F31188BFF34F8FBFF36F8F00BF57
:103EF00000BFFEE700BFFFF72DFAA76BF7B1314611
:103F00002046FDF7EBFE781EA063206908B901206A
:103F100000E0002060B904F1100000F0B7FA38B1F9
:103F20004FF080502F490860BFF34F8FBFF36F8F62
:103F3000FFF73AFA012006B0BDE8F081059818B9FC
:103F4000FFF732FA0020F6E7B8F1000F04D101A81C
:103F5000FFF74CFB4FF00108FFF726FAFFF768FC6C
:103F6000FFF7F8F994F94400401C10B9002084F8D8
:103F7000440094F94500401C10B9002084F8450025
:103F8000FFF712FA05A901A800F02EF8F0B92046B3
:103F9000FEF78AF8A0B104F124000599FFF7B0FB01
:103FA0002046FEF7A6FA00F0BDFA0028A3D14FF094
:103FB00080500C490860BFF34F8FBFF36F8F9AE7B3
:103FC0002046FEF796FA00F0ADFA94E72046FEF799
:103FD00090FA00F0A7FA2046FEF766F800288AD08B
:103FE0000020A8E704ED00E070B506460C4656B97F
:103FF00000BF502080F31188BFF34F8FBFF36F8F46
:1040000000BF00BFFEE754B900BF502080F3118805
:10401000BFF34F8FBFF36F8F00BF00BFFEE7FFF707
:1040200099F9184802687068131A1748006890F8E0
:10403000520030B100201449096881F8520001256E
:104040001CE02068401C08B9002517E00F493068C3
:104050000968884204D07068904201D801250DE0BB
:104060002068984207D92068C01A20603046FFF7C0
:10407000BDFA002502E0002020600125FFF794F939
:10408000284670BD800000206C00002094000020B5
:104090002DE9FF4F85B0804689461746DDE912AB12
:1040A000B800FEF765FA064656B15420FEF760FAEE
:1040B00004460CB1266304E03046FFF793F900E0B4
:1040C00000248CB1002084F85100CDE900ABCDE98B
:1040D00002403A4649464046089BFDF7F4FE20461A
:1040E000FDF744FD012501E04FF0FF35284609B0FA
:1040F000BDE8F08F2DE9F04F85B007468846914620
:104100009A46DDE90EB6109C0EB1012000E00020B9
:1041100050B900BF502080F31188BFF34F8FBFF319
:104120006F8F00BF00BFFEE70CB1012000E0002050
:1041300050B900BF502080F31188BFF34F8FBFF3F9
:104140006F8F00BF00BFFEE75420039003985428F0
:1041500001D1012000E0002050B900BF502080F3C1
:104160001188BFF34F8FBFF36F8F00BF00BFFEE713
:10417000B4B1AEB125462C462E63022085F851001D
:10418000002004A953464A46CDE900B1CDE90250CA
:1041900041463846FDF797FE2846FDF7E7FC01E06B
:1041A00000200490049805B0BDE8F08F70B5064675
:1041B00007253046ECF7C5F9102801D2012000E0B0
:1041C000002050B900BF502080F31188BFF34F8FFB
:1041D000BFF36F8F00BF00BFFEE7FFF729FB00BFF3
:1041E0006D1E05EB8501154A02EB81003146FEF795
:1041F000A7F8044604B101E0002DF1D100BF2CB9AD
:1042000031460F480068FEF79BF804462CB931464A
:104210000C480068FEF794F8044624B931460A4871
:10422000FEF78EF8044624B931460848FEF788F8B0
:10423000044600F077F9204670BD00007816002093
:104240007000002074000020541700204017002048
:104250000549096809B9012005E00449096809B957
:10426000022000E00020704788000020A400002009
:104270000149086870470000800000202DE9F041E6
:104280004FF0000844480068002877D14348006890
:10429000451C4248056015BB41480068006808B9E4
:1042A000012000E0002050B900BF502080F31188A9
:1042B000BFF34F8FBFF36F8F00BF00BFFEE73848DB
:1042C000076838480068364908603648076036484D
:1042D0000068401C34490860FEF702F800BF33480C
:1042E000006885423CD300BF2D480068006808B9CB
:1042F000012000E0002020B14FF0FF302B49086082
:104300002DE027480068C068C4686668B54202D2DC
:104310002648066023E0201DFEF7A6FFA06A18B11C
:1043200004F11800FEF7A0FF94F82C10012088403B
:104330001F49096808431E490860E16A01EB8101D1
:104340001C4A02EB8100211DFEF7F8FF1A49E06AC2
:104350000968C96A8842C7D34FF00108C4E700BFA3
:1043600015480068C06A00EB8000124951F820002F
:10437000012801D94FF0010805E0FFE70F48006868
:10438000401C0E4908600E48006808B14FF0010853
:104390004046BDE8F0810000A4000020800000201D
:1043A0007000002074000020940000209C00002079
:1043B00084000020781600206C0000208C00002073
:1043C0009000002070B505462C460026002D55D0E3
:1043D0002B480068844201D1012000E0002050B940
:1043E00000BF502080F31188BFF34F8FBFF36F8F52
:1043F00000BF00BFFEE7A06C50B900BF502080F3A3
:104400001188BFF34F8FBFF36F8F00BF00BFFEE770
:10441000A06C401EA064616CE06A88422ED0A06C43
:1044200060BB201DFEF720FF78B9E06A00EB80003A
:10443000144951F8200040B994F82C10012088400C
:1044400011490968814310480160606CE062E06ACC
:10445000C0F10700A06194F82C10012088400A499F
:104460000968084308490860E16A01EB8101054ACF
:1044700002EB8100211DFEF761FF0126304670BD71
:104480006C000020781600208400002070B50646DD
:10449000F068C46854B900BF502080F31188BFF39E
:1044A0004F8FBFF36F8F00BF00BFFEE704F118000E
:1044B000FEF7DAFE15480068A8B9201DFEF7D4FE05
:1044C00094F82C10012088401149096808431049CC
:1044D0000860E16A01EB81010E4A02EB8100211DB7
:1044E000FEF72CFF04E004F118010B48FEF726FF4D
:1044F0000A49E06A0968C96A884204D9012501208D
:104500000749086000E00025284670BDA40000208F
:1045100084000020781600202C1700206C0000205A
:104520009000002070B5002400263648006850B97D
:1045300000BF502080F31188BFF34F8FBFF36F8F00
:1045400000BF00BFFEE7FEF705FF2E480068401ED3
:104550002C4908600846006800284FD12A480068A6
:1045600000284BD024E02948C068C46804F1180032
:10457000FEF77AFE201DFEF777FE94F82C1001203E
:10458000884023490968084321490860E16A01EB32
:104590008101204A02EB8100211DFEF7CFFE1E495A
:1045A000E06A0968C96A884202D301201B49086091
:1045B0001648006808B9012000E000200028D2D089
:1045C0000CB1FDF78DFE1648056865B100BFFFF719
:1045D00055FE10B10120114908606D1E002DF6D165
:1045E00000200F4908600D48006838B101263007E7
:1045F0000C490860BFF34F8FBFF36F8FFEF7D4FEF7
:10460000304670BDA40000207C0000202C17002044
:1046100084000020781600206C000020900000200C
:104620008C00002004ED00E010B586B00024FDF7FA
:10463000F7FA16480068D0B100200590049003AA4C
:1046400004A905A8FEF744FE0222DDE904100023B8
:10465000CDE9002102900EA10F48039AFFF74AFD11
:104660000E4908600846006800B1012400BF54B933
:1046700000BF502080F31188BFF34F8FBFF36F8FBF
:1046800000BF00BFFEE7204606B010BDB00000200E
:10469000546D722053766300D9240108B4000020C1
:1046A0002DE9FF4704460D4616461F46DDF83080CB
:1046B0004FF0000954B900BF502080F31188BFF3B8
:1046C0004F8FBFF36F8F00BF00BFFEE71448006835
:1046D00010B3009501960294062D15DAFFF7B8FD88
:1046E000022808D10023424669460D480068FFF7BA
:1046F00077FA814610E000231A46694608480068A8
:10470000FFF76EFA814607E000233A4669460448FF
:104710000068FFF739FB8146484604B0BDE8F087E2
:10472000B000002021F00042A2F16052B2F5801FDB
:1047300001F0004328BFD2F17E6C51D9F1EE10CACE
:104740001CF4400F14D15FEAC00C43EAC20202EB32
:10475000507008BF70475FEA4C0C40F10000DFF872
:1047600080C240F0998628BF20F0010000F094BE7E
:10477000C30001F0004343EAC20202EB507008BFDD
:1047800070471B4248BF4FEA4C0C1CF4000F08BF97
:10479000401CDFF84CC200F07FBEC30001F00043B4
:1047A00043EAC20202EB507204BF104670471B423C
:1047B00048BF4FEA4C0C1CF4000FDFF824C218BFAE
:1047C000104640F0698608BF521C12F4000F08BF63
:1047D000104600F0618621F0004201F0004330E015
:1047E00050EA410C04BF084670475FEA125CBCF116
:1047F000FE0F1ED1F1EE10CA1CF4400FCDD15FEABE
:10480000C00C9BD05FEA001C4FEAC20C4CEB507C02
:1048100004BFC2002CEAD27C1CF4000F04BF4CEA97
:104820000300DFF8BCC100F0378621F00042A2F19E
:104830006052B2F5801F4FEA410C2ADB1CF5001FC5
:1048400016D2F1EE10CA1CF4806F06D02CF0005C7A
:104850004CF0805CA1F140612AE04FF07F40DFF82E
:1048600084C143EA500000F017BE084600F0C5BFFF
:1048700070B500F015FB00BF000000B9880000040F
:10488000FFF7F3BF21F0704243EA507040EAC200E4
:104890007047F1EE10CA2CF0805C4CF0005C1CF408
:1048A000006F25D04B00B3F5001F51D301F14061DB
:1048B0001CF4400F40F07E800CF0405CC3004CF0D4
:1048C000880C11D05CF0404C10F0805F0CD0034697
:1048D00010F1005041F10001020108BF20F000502A
:1048E000834218BF2CF0004C00F0604001F081B80A
:1048F0001CF4400F1AD01B4248BF4FEA4C0C1CF46A
:10490000000F13D112F1406248BF22F07F424FEAFC
:10491000C00CBCF1010F43EAC20242EB50704FF0F1
:10492000880228BF42F0804200F06CBF12F1406262
:1049300048BF22F07F425FEAC00C43EAC20242EA6B
:1049400050704FF0880218BF42F0404200F05ABF4A
:1049500001F0004321F00041094214D0B1FA81FC7A
:10496000ACF10B0CCCF1200201FA0CF120FA02F2AE
:1049700041EA02014FEA0C5200FA0CF0A1EB0201ED
:1049800081EA03010FE0B0FA80F200FA02F002F1CE
:1049900015024FEAD0214FEA0252A1EB02014FEA81
:1049A000405081EA0301F1EE10CA2CF0805C4CF01B
:1049B000005C7BE762460CF0405CC3004CF0880C66
:1049C00092D05CF0404C094248BF520012F4000FF4
:1049D0008AD110F1005041F100012CF0004C83D13C
:1049E000880000408800001010B5DFF840E211F5A3
:1049F000801C13F580141EEA4C0F18BF1EEA440FEA
:104A000000F0C88091EA030F48BF83F0004300F133
:104A10004C83841A71EB030C05D2121943EB0C037F
:104A2000001B61EB0C014FEA1154A4EB135C23EA69
:104A30006E0321EA045143F48013DCF1200E53D3BA
:104A400022FA0CFE10EB0E0023FA0CFE41EB0E01D5
:104A5000CCF1200E03FA0EFE10EB0E0051F1000116
:104A6000B1F5801FCCF1200E53D201EB045112FAA4
:104A70000EF2BDE8104008BF7047F1EE10CA1CF4FA
:104A8000400F1ED14FF0110C92F0000F4CF0804CF3
:104A900040F10285401C38BF5FEA420240F0FC84CE
:104AA000002814BF20F0010041F100014FEA41034A
:104AB00013F5001F24BF4CF0805CA1F1C04100F051
:104AC000EBBC11F0004F54BF1CF4000F1CF4800F1E
:104AD0004FF0110C4CF0804C40F0DE84401CC0F0D4
:104AE000DB8441F10001E1E7012A43EB0302ACF171
:104AF000200CDCF11F0E32BF4FF0000E23FA0CF336
:104B000010EB030041EB0451B4EB115FAFD0A1EB0C
:104B1000045101F5801149085FEA300002FA0EF2F3
:104B200042EA420201EB04515FEA320213D0BDE8CF
:104B30001040F1EE10CA1CF4400F1AD14FF0110CC6
:104B400092F0000F4CF0804CB0D5401C38BF5FEAAB
:104B50004202ABD1A4E7BDE810404FEA410313F590
:104B6000001F38BF7047DFF8C8C0A1F1C04100F096
:104B700093BC11F0004F54BF1CF4000F1CF4800FC5
:104B80004FF0110C4CF0804C90D1401C8ED341F171
:104B900000018BE74EF4001E3EEA410418BF3EEAD6
:104BA000430439D091EA030F48BF83F0004300F17A
:104BB0007783841A71EB030C05D2121943EB0C03B3
:104BC000001B61EB0C0152EA430E4FEA1154A4EBB7
:104BD000135C13D05FEA445E21EA04511CBF23F04A
:104BE0000043ACF1010C7FF428AFBDE810404FF05A
:104BF000110C801841EB030100F039BB5FEA445E01
:104C0000BDE8104018BF704750EA410C08BF70471C
:104C10004FF0110C00F02BBBBDE8104070B500F058
:104C20003FF900BF64FBBE3E110000040000C0FF5E
:104C300011000010491058BFC1F140415B1058BF2E
:104C4000C3F140438B42EFF300807047B1FA81F229
:104C500001FA02F1C2F11D024FEA415003EB025387
:104C600003EBD1217047000051EA030C11D41CF56D
:104C7000801F00F10680994218BF704708BF90421C
:104C8000704711F5801F58BF13F5801F18D4994243
:104C900070471CF5801F09D550EA410C0EBF52EA3F
:104CA000430C8B42704708BF824270474FF4001C90
:104CB0001CEB410F38BF1CEB430F01D28B427047F6
:104CC00070B500F0EDF800BF0000003F19001604B9
:104CD000FFF7B0BF4FF000514FF08053FFF7AABF6E
:104CE000DFF8B4C170B51CEA111E1EBF1CEA131513
:104CF0009EEA0C0F95EA0C0F00F0948081EA030401
:104D000021EA4C114EEAD47E23EA4C13AE4441F41E
:104D1000801143F48013A1FB024CA0FB0365AEF1AC
:104D20007F7E361955EB0C05A1FB034C4CF10003BB
:104D3000A0FB021C16EB0C06654153F1000309426F
:104D400018BF46F0010613F4007F0BD14FEA033180
:104D50004FEA0530340341EA155140EA16506FF02E
:104D600003020AE04FEAC3214FEAC520F40241EAF8
:104D7000555140EA56506FF00202264602EB2E4291
:104D800001EB025585EACE7127D0F1EE10CA054637
:104D90001CF4400C14D15FEA440C18BF24F000440A
:104DA00050F1000041F1000120EAD47040F2FD7C96
:104DB000624517D2BDE87040DFF8E0C000F06CBB80
:104DC0005FEACE7454BF1CF4000F1CF4800F08BFC0
:104DD00010F1010041F10001E8E740F2FE7C62457C
:104DE00004D270BD08BF11F4801FE3D0A84214BFE5
:104DF0004FF080444FF04044002E08BF0024BEF125
:104E0000806FD8BF01F1C041A8BFA1F1C04144F0FB
:104E1000130CA8BF4CF0805CBDE8704040F37E826C
:104E200000F03ABB9EEA0C0F0CEA131518BF95EA86
:104E30000C0F19D091EA030F48BF4EF0010E50EA53
:104E4000410418BF52EA430409D000F0AAF86419DB
:104E500086EA46064FEA044E4EEAD67E5BE74FEA04
:104E6000CE714FF0000070BD00F01AF88900013ECD
:104E70001300000400F005B800F007B852EA430C34
:104E800006D081EA030100F0C4B850EA410CF8D121
:104E90005FF824C000F000BB0000FF0713000040D3
:104EA0000EF1020E2EF0030E01285EF8086B41EBA6
:104EB000010414F5001418BFB4F5801F23D3364243
:104EC00008D4012A43EB030515F5001518BFB5F505
:104ED000801F18D301EB010C1CF5801F16D236423F
:104EE00004D403EB030C1CF5801F0FD2002C10D14F
:104EF0004FEAD17C002D0CEB4C0C0CF1020C08BFDE
:104F00004CEBD37C07E04FF0090C04E04FF0080CA9
:104F100001E04FEAD37C0CEB4C0526FA05F606F0CF
:104F20000706B6F1040C06D20EEB860CBDE8704005
:104F30004CF0010C6047DFE80CF0222413025EF80D
:104F400004CC1B2D08D1002C88BFB4F5801F34BFC2
:104F50004CF4804C4CF4004CBDE8704000F09CBA1E
:104F6000002C88BFB4F5001F24BF1946104670BD41
:104F70004FF000004FF00041A1F5002170BD19462F
:104F80001046012851EB010418BFD4F5001484BF6A
:104F90005EF804CC2CF0806CBDE8704000F25B82BF
:104FA000704780B54FF003065C004FEA03334FEAC9
:104FB0003606640D4FEA133318BF43F480131CD137
:104FC00053EA125E04F1010402BF13460022203CA2
:104FD0001B4202BF130B1205143CB3FA83FEAEF161
:104FE0000B0ECEF1200C03FA0EF322FA0CFC02FA9F
:104FF0000EF2A4EB0E0443EA0C030FB416F0010FFB
:105000000CBC03BC18BF2546CED180BD80B501269F
:10501000F3E70808A0F500114FEA3101704753EAA1
:10502000010C11D41CF5801F00F106808B4218BFC3
:10503000704708BF8242704713F5801F58BF11F5B3
:10504000801F18D48B4270471CF5801F09D552EA87
:10505000430C0EBF50EA410C9942704708BF904282
:1050600070474FF4001C1CEB430F38BF1CEB410F83
:1050700001D2994270470FB40CBC03BCFFF720BEAD
:1050800010B5DFF894E211F5801C13F580141EEAC8
:105090004C0F18BF1EEA440F00F0F38091EA030F93
:1050A00048BF83F000433FF5B4AC841A71EB030CA6
:1050B00007D212198CF0004C43EB0C03001B61EB80
:1050C0000C0152424FEA1154A4EB135C23EAAE03E5
:1050D00021EA0451C3EBAE0338BF5B1EDCF1200EA6
:1050E00048D322FA0CFE10EB0E0043FA0CFE41EB03
:1050F0000E01CCF1200E03FA0EFE10EB0E0051F162
:105100000001CCF1200E4CD412FA0EF201EB045146
:10511000BDE8104008BF7047F1EE10CA1CF4400F04
:1051200014D14FF0120C92F0000F4CF0804C40F173
:10513000B381401C18BFB2F1004F40F0AD81002890
:105140000CBF491C20F0010000F0A6B911F0004F7F
:1051500054BF1CF4000F1CF4800F4FF0120C4CF0E5
:10516000804C40F09981401C40F0968141F1000153
:1051700000F092B912EB020E43EB030218BF4FF09E
:10518000010E4EEA4202ACF1200CDCF11E0E4BD9AE
:1051900043FA0CFE10EB0E0051F1FF31CCF11E0E64
:1051A000B2D50EF1010E12FA0EFE404141EB0101A3
:1051B00001EB445C5FEA5C5C06D95FEA0E0201EB3E
:1051C0000451BDE81040A5E73BD24FEAD42C11F5BD
:1051D000001124F400641AD0B1FA81F20B3AA41A37
:1051E000A41ED2F12003914030FA03F319439040FA
:1051F00001EBCC71002C01EB0451BDE81040A8BFBD
:10520000704701F1C0414FF0120C00F087B8B0FABE
:1052100080F310FA03F101D1BDE8104019D0E41A6F
:10522000173C4805C90AE3E701EB0451BDE810400B
:10523000401E61F100015FF0FF326BE701EB0451AA
:1052400010BD491001EB0451BDE810404FEA300099
:105250000BE0F1EE10CA4FF000010CF4400CBCF56D
:10526000000F08BF4FF0004170474FF0120C4A008A
:1052700008BF0042EDD0B2F5001F28BF704700F014
:10528000EAB84EF4001E3EEA410418BF3EEA430469
:1052900034D091EA030F48BF83F000433FF589AC57
:1052A000841A71EB030C07D212198CF0004C43EBFB
:1052B0000C03001B61EB0C0152EA033E4FEA115450
:1052C000A4EB135C14D05FEA445E21EA045109D0D8
:1052D00023F000435242ACF1010CC3F1000338BF8C
:1052E0005B1EFBE6BDE81040801A61EB0301BCE7E2
:1052F000BDE8104050EA410CB7D1AAE7BDE8104024
:1053000070B5FFF7CDFD00BF40DFF63E1100000491
:1053100083F00041104670470000C0FFF1EE103AE4
:1053200013F0807F1EBF01F000410020704713F48E
:10533000006F40F0AA80094248BF4CF4803C4FF413
:10534000C0634FEA115203F1010321EA025122F432
:1053500000629A1A48BF6FF0FE0241F48011352AAC
:105360003CD830D0152A1ED3203A0CD90028C2F1DF
:10537000200321FA02F001FA03F218BF42F0010201
:105380004FF0000130E0C2F1000302F1200201FA07
:1053900003F120FA02F241EA020100FA03F20846A0
:1053A0004FF0000120E0C2F1200310B400FA03F432
:1053B00001FA03F320FA02F021FA02F1224610BCAE
:1053C00043EA000010E050EA01324FF000004FF0D5
:1053D00000014FF0004218BF521C05E04FF00102DF
:1053E0004FF000014FF000001CF4803F2CF4803C93
:1053F00018BF41F0004112421ED0F1EE103A13F4F2
:10540000400F20D1520003D30CD0401C41F10001C9
:10541000F1EE103A4CF0804C43F00803E1EE103A04
:1054200000F03AB85FEAAC72EFD4F1D1401C41F120
:10543000000120F00100EBE71CF0804F08BF70472F
:105440002CF0004CE4E7094254BF13F4000F13F4AE
:10545000800FDDD1D9E7F1EE103A13F0807F1EBF47
:1054600001F000410020704713F4006F08BF70473F
:105470002DE9F050FFF7CAFD04F5C064A4F1010462
:10548000314301EB0451BDE8F0504CF0005C4CF0AE
:10549000800C00F0AEBA00001CF0700F08BF0A4686
:1054A0000FB4F1EE101A0CF0405030EA814318BFEF
:1054B0004CF0804C4FEA4C0310EA814F4FEAD36323
:1054C00023EA112318BF23F0100341EA030101F07E
:1054D000E073E1EE101A4CEA030C0CF00F030A2BF8
:1054E0001DBF082B0CF070034CEAC30C4FF40033C3
:1054F00004BF33EA0C034CF4400C1CF0005F14D1E1
:105500001CF0805F0BD11CF0804F31D11CF0006F7C
:1055100012D111F4807F0FBC62D000F06ABA11F48E
:10552000806F0FBC2BD000F064BA11F4006F0FBC79
:1055300008BF704700F05DBA11F4007F0FBC40F067
:1055400058821CF0400F1EBF4FF0004040F0010099
:1055500070471CF0100F14BF81EA030242400CF0A8
:105560000F000A2808BF4FF0FF324FF0000326E07B
:1055700011F4805F0FBC08BF704700F03ABAF1EE3B
:10558000103A2CF0805C1CF0800F14BF01F0004238
:1055900000F0004212420CBF12EA336F12EAF35FCE
:1055A0000DD31CF0100F1DBF30A003C811433148AC
:1055B00008BF104313F4805F40F01B8270471CF05B
:1055C000100F02F000421DBF0FF2940003C81143F8
:1055D000254808BF104313F4805F40F00A827047EB
:1055E0001CF0400F40F028801CF4404F1BD01CF4EE
:1055F000004F1CBF194610460CF4807218BF8CEA8D
:10560000520C1CF0800F0CBF40F4800041F40021CC
:105610008CEADC0313F0100F1CBF2CF00F0C4CF0C5
:10562000080C00F08DB91CF0100F1ABF12A393E8FC
:105630000300134800F084B91CF0800F14BF01F080
:10564000004200F000421CF0100F1BBF0AA393E8B9
:1056500003000B48114308BF104300F071B900BFAD
:10566000000000000000F07F0000807FFFFFFFFFD0
:10567000FFFFEF7FFFFF7F7F000000000000F87F4B
:105680000000C07F43004FEAD30C4FEA3C0C43407C
:105690001FBF40070CF1605113F0FE4F70471CF024
:1056A000006F14D133F0004004BF1946704783EAFD
:1056B000830383EA430303F0070343EACC010CF0BE
:1056C000004303F15A5303F54013FFF7BFBA0CF040
:1056D000004343EA507010B540EACC0000F00FF8E8
:1056E000000000BA180000044FEA0001FFF791BC67
:1056F0004FEAE0024FEA407042F0E04170470EF19D
:10570000020E2EF0030E4FEA40025EF8084B12F133
:10571000807218BFB2F5000F22D3244207D44FEA9B
:10572000410313F1807318BFB3F5000F18D34FEA8C
:10573000400C1CF5000F16D2244204D44FEA410C51
:105740001CF5000F0FD2002A10D14FEAD07C002B9D
:105750000CEB4C0C0CF1020C08BF4CEBD17C07E0BD
:105760004FF0090C04E04FF0080C01E04FEAD17C47
:105770000CEB4C0324FA03F404F00704B4F1040C1A
:1057800006D20EEB840CBDE810404CF0010C6047D3
:10579000DFE80CF01F2013025EF804CC1B2B08D1AD
:1057A000002A88BFB2F5000F34BF4CF4804C4CF493
:1057B000004CBDE81040FFF76FBE002A88BFB2F171
:1057C000807F28BF084610BD4FF00040A0F5800044
:1057D00010BD0846420018BFD2F1807284BF5EF847
:1057E000042C22F08062BDE8104000F28A807047ED
:1057F0004FF00000E1EE100A7047FF2141EAD0505F
:10580000C0057047F1EE101A11F0807F1CBF00F048
:105810000040704711F4006F40F08E8000F00043AC
:1058200043EAD05323F48073C3F1C10323F0004152
:10583000172941D8C3F1200310FA03F1C3F1200363
:1058400020F07F4040F4000020FA03F003F0004312
:1058500040EA030019D00B46F1EE101A41F008019E
:10586000E1EE101A11F4400F1CD1590009D318BFF2
:10587000401C06D17FEAE27398BF401C38BF20F07D
:10588000010042F0804CFFF707BE12F0804F08BFC6
:105890007047F1EE101A944641F00801E1EE101A3B
:1058A000FFF7FABD10F0004F14BF5FEAF1535FEA53
:1058B000316338BF401CE4E7182903EB912318BF7C
:1058C0006FF000410131F1EE101A41F00801E1EEF4
:1058D000101A11F4400F18BF03F00040E2D168BF66
:1058E00003F0004009D6400203F0004000F101003F
:1058F00004BF12F0004F20F001004FF0804CFFF782
:10590000CBBDF1EE101A11F0807F1CBF00F00040FB
:10591000704711F4006F08BF704700F0004120F09D
:105920000040B0FA80F3A3F1080341F0C04100FA4F
:1059300003F0A1EBC351084442F0005C00F059B8F9
:105940000CF00F03092B08BF082000F064800A2B1D
:1059500032D0082B18BF704708BF1CF0400F31D061
:105960001CF4803F23D11CF0200F11D11CF0100F2C
:105970000BBF02460A466FF000406FF0004118BFAF
:105980004FF0FF3012F0004F1CBFC043C9437047B7
:105990001CF0100F0CBF02460A4612F0004F4FF0E9
:1059A000FF304FF0FF311CBFC043C94370474FF079
:1059B00000004FF0000170471CF0400F18BF4FF07F
:1059C000004070471CF0100F08D020F0704300F02A
:1059D0007F4242EAD3014FEA4370704700F06040D3
:1059E00021F07F4242EA000201F07F4040EA7270FB
:1059F00070472DE900502DE90050EAF79FFEBDE801
:105A00000050BDE800500CF00F0393F0090F18BFD1
:105A10007047AFF300801CF4801F24D01CF4E02FEB
:105A200009D010F0080F02D1D0F1020070476FEAE0
:105A3000CC31490070474FF0604111EA407028BFF7
:105A400040F04050F1EE103A23F0704343EA000377
:105A5000E1EE103AEFF3008222F0704242EA0002D7
:105A600082F3008870471CEA004018BF012070478D
:105A700080640108D92F0108000000000000000028
:105A80008000000000000000000000006C640108BD
:105A900059F20008010000000000000000020000B0
:105AA000000000000000000054640108D1F7000865
:105AB00000000000000000000001000000000000E5
:105AC00000000000606401080D0F010802000000E2
:105AD00000000000000200000000000000000000C4
:105AE00078640108FD670008030000000000000062
:105AF0000004000000000000000000005C640108D9
:105B00003117010800000000000000000001000043
:105B100000000000000000004C640108B5280108E6
:105B200000000000000000008000000000000000F5
:105B3000000000000006101600061016000000000D
:105B4000000000000102030406070809000000002D
:105B50000102030400606A460000204100000000CA
:105B6000000070410000000000000000ABAA2A3EC7
:105B7000ABAAAA3E1E0028000F000A000A000B0074
:105B80000A000A000A000A000A0009000A000A00C6
:105B90000800020003000E00020003000D000A00CE
:105BA0000A000C00020003000700050005000700C2
:105BB0002800C80007006400640005000A000A000D
:105BC00007006400640001000080BB4500007042D3
:105BD0000000000000803B460000A04100000000E3
:105BE0000000C844CDCC4C3E000000005AF8F63FFF
:105BF0005D896EBFD5A9183B000096440000204087
:105C000000000000000070410000000000000000E3
:105C100010E4DC3FCB8541BF7FB5F73C40AC037D52
:105C200004014103057C00026D0D026D09020B08A1
:105C30000141090242C0030A0B040000CDCC4C3ED6
:105C4000CDCC4C3ECDCC4C3E00000000920E493CE9
:105C5000B10AC93C2BC3163D2EFB483D752B7B3D3D
:105C600004A9963D80B6AF3D36BDC83D2FBCE13D91
:105C700073B2FA3D87CF093E8340163EB5AB223E54
:105C8000A2102F3ECF6E3B3EC2C5473E0115543E8B
:105C9000135C603E7F9A6C3ECCCF783EC07D823EE6
:105CA000938E883E229A8E3E32A0943E86A09A3EE3
:105CB000E59AA03E128FA63ED47CAC3EEF63B23E86
:105CC0002A44B83E491DBE3E15EFC33E53B9C93EF6
:105CD000CA7BCF3E4136D53E80E8DA3E4F92E03E69
:105CE0007533E63EBBCBEB3EEA5AF13ECBE0F63EE7
:105CF000275DFC3EE4E7003F3D9C033F824B063FAF
:105D00009BF5083F6B9A0B3FDA390E3FCDD3103F1E
:105D10002A68133FD9F6153FC07F183FC6021B3FC4
:105D2000D17F1D3FCBF61F3F9967223F25D2243FED
:105D30005636273F1594293F4AEB2B3FDE3B2E3F3B
:105D4000BB85303FC9C8323FF304353F233A373F64
:105D50004268393F3B8F3B3FF9AE3D3F67C73F3F0E
:105D600070D8413F01E2433F03E4453F65DE473FD2
:105D700012D1493FF8BB4B3F029F4D3F207A4F3F26
:105D80003D4D513F4918533F31DB543FE595563F58
:105D90005348583F6AF2593F1A945B3F532D5D3F79
:105DA00005BE5E3F2146603F97C5613F5A3C633F59
:105DB00059AA643F880F663FD86B673F3CBF683F76
:105DC000A7096A3F0C4B6B3F5E836C3F93B26D3FFC
:105DD0009ED86E3F73F56F3F0809713F5213723FB3
:105DE0004714733FDD0B743F0BFA743FC6DE753FFB
:105DF00007BA763FC58B773FF853783F9812793FC3
:105E00009DC7793F02737A3FBE147B3FCDAC7B3F89
:105E1000283B7C3FC9BF7C3FAC3A7D3FCCAB7D3F4C
:105E200023137E3FB0707E3F6DC47E3F580E7F3F90
:105E30006D4E7F3FAB847F3F0FB17F3F97D37F3F56
:105E400043EC7F3F11FB7F3F0000803F11FB7F3F12
:105E500043EC7F3F97D37F3F0FB17F3FAB847F3FC2
:105E60006D4E7F3F580E7F3F6DC47E3FB0707E3FCA
:105E700023137E3FCCAB7D3FAC3A7D3FC9BF7C3F17
:105E8000283B7C3FCDAC7B3FBE147B3F02737A3F07
:105E90009DC7793F9812793FF853783FC58B773F7C
:105EA00007BA763FC6DE753F0BFA743FDD0B743FD1
:105EB0004714733F5213723F0809713F73F56F3FE8
:105EC0009ED86E3F93B26D3F5E836C3F0C4B6B3F31
:105ED000A7096A3F3CBF683FD86B673F880F663FA2
:105EE00059AA643F5A3C633F97C5613F2146603FD2
:105EF00005BE5E3F532D5D3F1A945B3F6AF2593FEA
:105F00005348583FE595563F31DB543F4918533FBE
:105F10003D4D513F207A4F3F029F4D3FF8BB4B3FD5
:105F200012D1493F65DE473F03E4453F01E2433F6D
:105F300070D8413F67C73F3FF9AE3D3F3B8F3B3F86
:105F40004268393F233A373FF304353FC9C8323FEF
:105F5000BB85303FDE3B2E3F4AEB2B3F1594293F5C
:105F60005636273F25D2243F9967223FCBF61F3F65
:105F7000D17F1D3FC6021B3FC07F183FD9F6153F9A
:105F80002A68133FCDD3103FDA390E3F6B9A0B3F8F
:105F90009BF5083F824B063F3D9C033FE4E7003FF3
:105FA000275DFC3ECBE0F63EEA5AF13EBBCBEB3E32
:105FB0007533E63E4F92E03E80E8DA3E4136D53E0C
:105FC000CA7BCF3E53B9C93E15EFC33E491DBE3E05
:105FD0002A44B83EEF63B23ED47CAC3E128FA63E5C
:105FE000E59AA03E86A09A3E32A0943E229A8E3E2A
:105FF000938E883EC07D823ECCCF783E7F9A6C3EA9
:10600000135C603E0115543EC2C5473ECF6E3B3E19
:10601000A2102F3EB5AB223E8340163E87CF093EED
:1060200073B2FA3D2FBCE13D36BDC83D80B6AF3DF1
:1060300004A9963D752B7B3D2EFB483D2BC3163D99
:10604000B10AC93C920E493C00000000920E49BCC6
:10605000B10AC9BC2BC316BD2EFB48BD752B7BBD39
:1060600004A996BD80B6AFBD36BDC8BD2FBCE1BD8D
:1060700073B2FABD87CF09BE834016BEB5AB22BE50
:10608000A2102FBECF6E3BBEC2C547BE011554BE87
:10609000135C60BE7F9A6CBECCCF78BEC07D82BEE2
:1060A000938E88BE229A8EBE32A094BE86A09ABEDF
:1060B000E59AA0BE128FA6BED47CACBEEF63B2BE82
:1060C0002A44B8BE491DBEBE15EFC3BE53B9C9BEF2
:1060D000CA7BCFBE4136D5BE80E8DABE4F92E0BE65
:1060E0007533E6BEBBCBEBBEEA5AF1BECBE0F6BEE3
:1060F000275DFCBEE4E700BF3D9C03BF824B06BFAB
:106100009BF508BF6B9A0BBFDA390EBFCDD310BF1A
:106110002A6813BFD9F615BFC07F18BFC6021BBFC0
:10612000D17F1DBFCBF61FBF996722BF25D224BFE9
:10613000563627BF159429BF4AEB2BBFDE3B2EBF37
:10614000BB8530BFC9C832BFF30435BF233A37BF60
:10615000426839BF3B8F3BBFF9AE3DBF67C73FBF0A
:1061600070D841BF01E243BF03E445BF65DE47BFCE
:1061700012D149BFF8BB4BBF029F4DBF207A4FBF22
:106180003D4D51BF491853BF31DB54BFE59556BF54
:10619000534858BF6AF259BF1A945BBF532D5DBF75
:1061A00005BE5EBF214660BF97C561BF5A3C63BF55
:1061B00059AA64BF880F66BFD86B67BF3CBF68BF72
:1061C000A7096ABF0C4B6BBF5E836CBF93B26DBFF8
:1061D0009ED86EBF73F56FBF080971BF521372BFAF
:1061E000471473BFDD0B74BF0BFA74BFC6DE75BFF7
:1061F00007BA76BFC58B77BFF85378BF981279BFBF
:106200009DC779BF02737ABFBE147BBFCDAC7BBF85
:10621000283B7CBFC9BF7CBFAC3A7DBFCCAB7DBF48
:1062200023137EBFB0707EBF6DC47EBF580E7FBF8C
:106230006D4E7FBFAB847FBF0FB17FBF97D37FBF52
:1062400043EC7FBF11FB7FBF000080BF11FB7FBF0E
:1062500043EC7FBF97D37FBF0FB17FBFAB847FBFBE
:106260006D4E7FBF580E7FBF6DC47EBFB0707EBFC6
:1062700023137EBFCCAB7DBFAC3A7DBFC9BF7CBF13
:10628000283B7CBFCDAC7BBFBE147BBF02737ABF03
:106290009DC779BF981279BFF85378BFC58B77BF78
:1062A00007BA76BFC6DE75BF0BFA74BFDD0B74BFCD
:1062B000471473BF521372BF080971BF73F56FBFE4
:1062C0009ED86EBF93B26DBF5E836CBF0C4B6BBF2D
:1062D000A7096ABF3CBF68BFD86B67BF880F66BF9E
:1062E00059AA64BF5A3C63BF97C561BF214660BFCE
:1062F00005BE5EBF532D5DBF1A945BBF6AF259BFE6
:10630000534858BFE59556BF31DB54BF491853BFBA
:106310003D4D51BF207A4FBF029F4DBFF8BB4BBFD1
:1063200012D149BF65DE47BF03E445BF01E243BF69
:1063300070D841BF67C73FBFF9AE3DBF3B8F3BBF82
:10634000426839BF233A37BFF30435BFC9C832BFEB
:10635000BB8530BFDE3B2EBF4AEB2BBF159429BF58
:10636000563627BF25D224BF996722BFCBF61FBF61
:10637000D17F1DBFC6021BBFC07F18BFD9F615BF96
:106380002A6813BFCDD310BFDA390EBF6B9A0BBF8B
:106390009BF508BF824B06BF3D9C03BFE4E700BFEF
:1063A000275DFCBECBE0F6BEEA5AF1BEBBCBEBBE2E
:1063B0007533E6BE4F92E0BE80E8DABE4136D5BE08
:1063C000CA7BCFBE53B9C9BE15EFC3BE491DBEBE01
:1063D0002A44B8BEEF63B2BED47CACBE128FA6BE58
:1063E000E59AA0BE86A09ABE32A094BE229A8EBE26
:1063F000938E88BEC07D82BECCCF78BE7F9A6CBEA5
:10640000135C60BE011554BEC2C547BECF6E3BBE15
:10641000A2102FBEB5AB22BE834016BE87CF09BEE9
:1064200073B2FABD2FBCE1BD36BDC8BD80B6AFBDED
:1064300004A996BD752B7BBD2EFB48BD2BC316BD95
:10644000B10AC9BC920E49BC0000008053455256A7
:106450004F00000044455445435400006C656400FF
:1064600067696D62616C5461736B000043686173AE
:106470007369735461736B00696D755461736B005C
:106480007465737400000000A86401080000002017
:106490008C030000C4010008886501088C030020FB
:1064A0009CD30000200200080150F2016A1014037E
:1064B0006924F41AAA01C10D216740533AB9142086
:1064C00088781B20B4041A9C041ACC0436020506F2
:1064D000060613EDDD1B081D041A8904014C052076
:1064E0003333333F2B9A99014BB9BF081BC9BF34D3
:1064F00019015AD31063D9BF5AE0183CE3BF6601B3
:106500005AE6202DE9BFCDCC012AEC28FDE04D62F2
:1065100050700253014B82FF015A920842FF5AA267
:1065200008915A808C5A80C409131C091D246920C3
:10653000E9380916100928FC326419B02AFF051938
:106540000749BC390E590531C00918FC910518FCE2
:1065500018FC100DE7416B3A58A08B3A7D04017C82
:10656000160240AB03411009055308065804070FF3
:10657000160810820911160A15800B16850C1801D1
:086580000D2DCDCC1C410400DF
:040000050800018965
:00000001FF
